elapsed_seconds,heart_rate_bpm,speed_kmh,distance_m
0,84.0,0.0,0.0
1,85.0,0.0,0.0
2,85.0,0.0,0.0
3,85.0,0.0,0.0
4,85.0,0.0,0.0
5,84.0,0.0,0.0
6,83.0,0.0,0.0
7,83.0,0.0,0.0
8,83.0,0.0,0.0
9,83.0,0.0,0.0
10,83.0,0.0,0.0
11,83.0,0.0,0.0
12,83.0,0.0,0.0
13,82.0,0.0,0.0
14,82.0,0.0,0.0
15,81.0,0.0,0.0
16,82.0,0.0,0.0
17,82.0,0.0,0.0
18,83.0,0.0,0.0
19,83.0,0.0,0.0
20,84.0,0.0,0.0
21,84.0,0.0,0.0
22,84.0,0.0,0.0
23,84.0,0.0,0.0
24,83.0,0.0,0.0
25,82.0,0.0,0.0
26,82.0,0.0,0.0
27,81.0,0.0,0.0
28,80.0,0.0,0.0
29,79.0,0.0,0.0
30,78.0,0.0,0.0
31,78.0,0.0,0.0
32,78.0,0.0,0.0
33,78.0,0.0,0.0
34,77.0,0.0,0.0
35,77.0,0.0,0.0
36,76.0,0.0,0.0
37,76.0,0.0,0.0
38,76.0,0.0,0.0
39,77.0,0.0,0.0
40,76.0,0.0,0.0
41,77.0,0.0,0.0
42,78.0,0.0,0.0
43,78.0,0.0,0.0
44,80.0,0.0,0.0
45,81.0,0.0,0.0
46,83.0,0.0,0.0
47,84.0,0.0,0.0
48,84.0,0.0,0.0
49,84.0,0.0,0.0
50,84.0,0.0,0.0
51,84.0,0.0,0.0
52,83.0,0.0,0.0
53,83.0,0.0,0.0
54,83.0,0.0,0.0
55,83.0,0.0,0.0
56,83.0,0.0,0.0
57,83.0,0.0,0.0
58,83.0,0.0,0.0
59,83.0,0.0,0.0
60,83.0,0.0,0.0
61,84.0,0.0,0.0
62,84.0,0.0,0.0
63,85.0,0.0,0.0
64,84.0,0.0,0.0
65,84.0,0.0,0.0
66,84.0,0.0,0.0
67,83.0,0.0,0.0
68,83.0,0.0,0.0
69,82.0,0.0,0.0
70,81.0,0.0,1.27
71,81.0,0.0,1.27
72,81.0,0.0,5.27
73,81.0,0.0,6.48
74,81.0,0.0,6.48
75,81.0,0.0,13.89
76,82.0,0.0,15.97
77,83.0,0.0,15.97
78,84.0,0.0,18.18
79,85.0,0.0,18.18
80,86.0,0.0,18.18
81,86.0,0.0,23.05
82,87.0,0.0,27.12
83,88.0,0.0,27.12
84,88.0,0.0,32.34
85,89.0,0.0,32.34
86,90.0,0.0,32.34
87,90.0,3.0,34.23
88,90.0,6.4,34.23
89,89.0,5.4,38.84
90,89.0,4.8,38.84
91,90.0,4.8,38.84
92,90.0,4.1,43.75
93,90.0,3.7,46.7
94,91.0,3.4,46.7
95,92.0,3.4,46.7
96,94.0,3.4,46.7
97,96.0,3.0,48.88
98,97.0,3.0,48.88
99,100.0,3.0,48.88
100,101.0,3.2,50.24
101,101.0,3.8,52.3
102,100.0,4.3,52.3
103,94.0,4.3,56.4
104,94.0,4.3,56.4
105,91.0,4.3,56.4
106,89.0,3.4,57.87
107,89.0,3.2,57.87
108,90.0,3.2,57.87
109,90.0,4.0,59.83
110,90.0,4.3,61.11
111,90.0,4.5,61.11
112,90.0,3.1,66.33
113,90.0,2.8,69.34
114,90.0,2.9,69.34
115,90.0,3.4,76.41
116,91.0,3.4,76.41
117,92.0,3.1,78.53
118,92.0,3.1,78.53
119,92.0,2.3,79.53
120,90.0,2.3,79.53
121,88.0,2.4,85.38
122,87.0,2.4,86.55
123,86.0,2.4,88.79
124,85.0,2.4,88.79
125,85.0,3.5,94.57
126,85.0,3.8,94.57
127,85.0,3.7,96.63
128,84.0,3.5,98.21
129,84.0,3.4,98.21
130,83.0,3.5,100.29
131,82.0,3.6,102.01
132,82.0,3.6,102.01
133,82.0,3.6,102.01
134,83.0,5.4,104.34
135,83.0,6.5,104.34
136,83.0,6.6,108.02
137,85.0,8.5,109.9
138,85.0,8.2,111.6
139,86.0,8.0,111.6
140,87.0,8.0,111.6
141,88.0,8.0,111.6
142,89.0,8.0,111.6
143,89.0,8.0,118.78
144,92.0,7.9,121.25
145,93.0,8.1,123.5
146,94.0,8.1,123.5
147,94.0,6.7,147.57
148,95.0,5.7,158.78
149,95.0,5.7,158.78
150,96.0,6.1,172.06
151,96.0,6.3,172.06
152,98.0,6.4,177.4
153,100.0,7.2,179.88
154,102.0,7.7,179.88
155,104.0,8.2,185.89
156,105.0,9.2,189.96
157,105.0,11.6,196.49
158,108.0,13.2,196.49
159,109.0,11.6,198.04
160,109.0,11.3,202.28
161,110.0,11.9,210.33
162,111.0,12.2,210.33
163,112.0,12.1,222.09
164,112.0,12.1,222.09
165,113.0,12.0,222.09
166,115.0,10.5,226.55
167,115.0,9.8,229.54
168,117.0,9.4,229.54
169,118.0,9.5,238.8
170,118.0,9.5,238.8
171,119.0,9.5,244.86
172,119.0,9.6,244.86
173,119.0,9.4,250.43
174,119.0,9.2,250.43
175,120.0,9.2,256.48
176,120.0,9.3,260.87
177,120.0,9.5,264.94
178,120.0,9.6,264.94
179,120.0,9.7,270.92
180,120.0,9.8,270.92
181,121.0,8.9,275.18
182,121.0,9.8,281.96
183,123.0,9.9,284.62
184,124.0,9.9,284.62
185,125.0,9.8,290.73
186,126.0,9.8,290.73
187,127.0,9.3,296.06
188,128.0,9.0,296.06
189,128.0,8.8,303.85
190,128.0,8.8,306.7
191,128.0,8.9,306.7
192,127.0,9.1,313.08
193,127.0,9.8,318.17
194,126.0,10.2,318.17
195,126.0,10.7,325.22
196,126.0,10.8,328.51
197,125.0,10.8,340.3
198,125.0,11.5,344.56
199,124.0,11.0,347.46
200,124.0,10.3,349.67
201,124.0,9.5,350.93
202,125.0,9.5,350.93
203,125.0,9.7,352.85
204,125.0,9.8,352.85
205,125.0,10.4,356.53
206,126.0,10.9,356.53
207,127.0,10.9,363.81
208,128.0,10.9,363.81
209,130.0,10.8,386.75
210,131.0,10.8,386.75
211,131.0,9.5,390.2
212,133.0,8.6,390.2
213,135.0,8.5,397.87
214,135.0,8.5,397.87
215,137.0,8.9,405.48
216,138.0,8.7,407.42
217,138.0,8.7,412.33
218,138.0,8.8,416.72
219,138.0,9.0,423.66
220,139.0,9.2,423.66
221,139.0,9.3,430.86
222,139.0,9.4,430.86
223,139.0,9.6,437.37
224,139.0,9.7,437.37
225,139.0,9.4,443.12
226,140.0,9.2,443.12
227,140.0,8.9,448.03
228,140.0,8.8,450.65
229,140.0,9.2,454.66
230,141.0,9.5,454.66
231,141.0,9.9,461.06
232,141.0,10.1,463.97
233,141.0,10.0,466.23
234,141.0,9.9,466.23
235,141.0,9.8,472.84
236,142.0,9.6,475.88
237,142.0,9.3,479.39
238,142.0,9.7,483.51
239,143.0,9.9,483.51
240,143.0,10.3,490.54
241,143.0,10.5,490.54
242,143.0,10.4,495.86
243,144.0,10.3,495.86
244,144.0,9.5,500.38
245,143.0,9.8,504.56
246,143.0,9.9,504.56
247,143.0,9.8,510.05
248,143.0,9.8,513.11
249,143.0,9.8,516.09
250,143.0,9.7,516.09
251,143.0,9.6,522.1
252,143.0,9.6,522.1
253,143.0,9.4,526.05
254,144.0,9.2,526.05
255,144.0,8.9,530.13
256,144.0,8.7,530.13
257,145.0,9.1,536.82
258,145.0,9.5,540.55
259,145.0,9.7,540.55
260,145.0,9.8,546.74
261,144.0,9.5,549.16
262,144.0,9.0,551.49
263,144.0,8.6,551.49
264,145.0,8.6,557.87
265,145.0,9.3,562.69
266,144.0,9.8,562.69
267,144.0,9.9,570.58
268,143.0,9.9,570.58
269,144.0,9.8,576.0
270,145.0,9.8,578.84
271,145.0,9.8,578.84
272,146.0,9.9,585.0
273,146.0,10.0,585.0
274,145.0,10.0,590.59
275,145.0,10.0,593.48
276,145.0,10.0,593.48
277,145.0,9.8,599.15
278,145.0,9.7,602.02
279,145.0,9.7,605.16
280,145.0,9.7,605.16
281,144.0,9.6,610.77
282,144.0,9.5,613.5
283,144.0,9.4,613.5
284,145.0,9.1,618.67
285,146.0,8.9,622.09
286,147.0,8.8,622.09
287,147.0,8.9,627.95
288,147.0,8.9,627.95
289,147.0,9.3,634.76
290,147.0,9.4,637.63
291,147.0,9.6,640.69
292,147.0,9.7,643.36
293,147.0,9.7,643.36
294,147.0,9.5,648.04
295,147.0,9.2,650.79
296,147.0,10.5,657.1
297,147.0,11.4,657.1
298,147.0,10.8,661.19
299,147.0,10.4,661.19
300,148.0,10.0,665.89
301,148.0,9.7,665.89
302,148.0,9.8,672.89
303,148.0,9.9,672.89
304,149.0,9.7,677.55
305,149.0,9.5,677.55
306,149.0,9.4,682.93
307,150.0,9.4,682.93
308,150.0,9.4,689.17
309,150.0,9.4,689.17
310,150.0,9.5,695.23
311,150.0,9.6,698.5
312,150.0,9.7,698.5
313,149.0,9.2,703.31
314,149.0,8.5,705.17
315,149.0,8.5,708.47
316,148.0,8.6,711.02
317,148.0,8.7,713.69
318,148.0,8.9,717.4
319,148.0,9.3,720.67
320,149.0,9.6,724.61
321,149.0,9.8,727.58
322,149.0,9.3,729.14
323,150.0,9.2,732.53
324,149.0,9.1,732.53
325,149.0,9.3,740.05
326,149.0,9.4,740.05
327,149.0,9.5,745.74
328,149.0,9.3,747.64
329,149.0,9.3,752.57
330,148.0,9.1,755.1
331,148.0,9.1,761.87
332,149.0,9.0,761.87
333,148.0,8.9,766.74
334,148.0,8.9,766.74
335,149.0,9.0,773.78
336,149.0,9.0,776.24
337,149.0,9.2,779.48
338,149.0,9.2,779.48
339,149.0,9.2,784.61
340,150.0,9.1,784.61
341,149.0,9.3,791.77
342,149.0,9.5,791.77
343,149.0,9.4,798.16
344,149.0,9.5,801.39
345,149.0,9.5,801.39
346,149.0,9.4,806.71
347,149.0,9.3,806.71
348,149.0,9.2,812.3
349,149.0,9.0,815.01
350,149.0,9.1,817.8
351,149.0,9.2,817.8
352,149.0,8.8,822.79
353,148.0,8.3,824.7
354,148.0,8.0,824.7
355,148.0,8.1,831.3
356,148.0,8.2,831.3
357,148.0,8.7,836.43
358,148.0,8.7,836.43
359,148.0,8.2,838.46
360,148.0,8.2,838.46
361,148.0,7.7,840.36
362,148.0,7.3,840.36
363,147.0,6.9,844.46
364,147.0,6.6,844.46
365,147.0,6.5,847.73
366,147.0,6.5,849.45
367,146.0,6.5,849.45
368,145.0,6.5,849.45
369,144.0,5.1,851.84
370,143.0,3.9,853.57
371,142.0,3.9,853.57
372,139.0,3.1,855.51
373,137.0,2.2,856.7
374,137.0,2.2,856.7
375,136.0,2.2,858.74
376,135.0,2.7,862.43
377,135.0,3.1,862.43
378,135.0,3.1,862.43
379,135.0,2.2,864.81
380,134.0,1.6,864.81
381,133.0,1.3,867.01
382,132.0,1.3,867.01
383,130.0,1.1,869.22
384,129.0,1.1,869.22
385,128.0,0.9,871.29
386,127.0,0.9,871.29
387,125.0,0.9,871.29
388,124.0,0.9,871.29
389,124.0,1.1,872.68
390,122.0,2.0,875.09
391,121.0,3.2,878.1
392,121.0,4.0,878.1
393,122.0,4.7,880.85
394,124.0,5.5,883.84
395,125.0,5.9,885.5
396,125.0,6.2,885.5
397,124.0,4.2,889.27
398,123.0,2.9,889.27
399,122.0,2.1,892.61
400,121.0,2.1,892.61
401,121.0,1.7,894.03
402,121.0,1.7,894.03
403,123.0,1.7,894.03
404,124.0,1.3,895.29
405,123.0,1.3,895.29
406,121.0,1.3,895.29
407,120.0,1.3,895.29
408,119.0,1.0,896.34
409,118.0,1.0,896.34
410,118.0,1.0,896.34
411,118.0,1.0,896.34
412,118.0,0.8,897.79
413,118.0,0.8,897.79
414,118.0,0.6,899.03
415,118.0,0.6,899.03
416,118.0,0.5,900.55
417,117.0,0.5,900.55
418,117.0,0.5,900.55
419,116.0,0.5,900.55
420,115.0,0.4,902.14
421,115.0,0.4,902.14
422,115.0,0.4,902.14
423,115.0,0.4,902.14
424,115.0,0.3,903.36
425,114.0,0.5,904.66
426,115.0,0.5,904.66
427,115.0,1.5,909.69
428,117.0,2.2,909.69
429,119.0,2.2,909.69
430,120.0,1.7,911.42
431,120.0,1.7,911.42
432,120.0,1.3,912.54
433,118.0,1.3,912.54
434,116.0,1.3,912.54
435,116.0,1.3,912.54
436,115.0,1.3,912.54
437,114.0,1.3,912.54
438,113.0,1.3,912.54
439,112.0,1.3,912.54
440,112.0,1.3,912.54
441,110.0,1.5,913.84
442,109.0,1.5,913.84
443,109.0,1.5,913.84
444,109.0,2.0,916.82
445,109.0,3.9,920.9
446,111.0,3.2,925.56
447,112.0,3.3,929.04
448,113.0,3.3,929.04
449,114.0,3.2,930.61
450,115.0,3.3,931.77
451,116.0,3.3,931.77
452,117.0,2.8,932.81
453,117.0,2.8,932.81
454,119.0,2.4,934.15
455,120.0,2.4,934.15
456,120.0,1.6,935.22
457,120.0,1.4,938.88
458,120.0,1.4,938.88
459,120.0,1.2,939.89
460,121.0,1.1,939.89
461,121.0,1.3,942.2
462,122.0,1.4,942.2
463,123.0,2.2,942.31
464,123.0,2.0,943.68
465,123.0,2.0,943.68
466,124.0,2.0,943.68
467,124.0,2.0,943.68
468,124.0,2.0,943.68
469,124.0,2.4,945.97
470,124.0,2.8,945.97
471,123.0,2.5,948.99
472,123.0,2.3,948.99
473,123.0,1.6,951.71
474,122.0,1.6,951.71
475,121.0,1.5,953.52
476,120.0,1.5,953.52
477,120.0,1.5,953.52
478,119.0,1.2,955.69
479,118.0,1.2,955.69
480,118.0,1.2,955.69
481,118.0,1.5,957.55
482,118.0,1.5,957.55
483,118.0,1.5,957.55
484,118.0,1.3,958.77
485,118.0,1.3,958.77
486,118.0,1.3,958.77
487,117.0,1.3,958.77
488,116.0,0.9,960.1
489,115.0,0.9,960.1
490,114.0,0.9,960.1
491,115.0,0.7,961.26
492,115.0,0.7,961.26
493,115.0,0.7,961.26
494,115.0,0.6,962.62
495,114.0,0.6,962.62
496,113.0,0.6,962.62
497,113.0,0.6,962.62
498,113.0,0.6,962.62
499,113.0,0.6,962.62
500,114.0,0.6,962.62
501,115.0,0.6,962.62
502,115.0,0.6,962.62
503,115.0,0.6,962.62
504,115.0,0.4,963.72
505,114.0,0.3,964.94
506,114.0,0.3,964.94
507,115.0,0.4,966.59
508,116.0,0.4,966.59
509,117.0,0.5,967.66
510,117.0,0.5,967.66
511,117.0,1.1,969.42
512,116.0,1.0,971.2
513,114.0,0.8,971.2
514,113.0,0.7,974.6
515,113.0,0.6,975.73
516,112.0,0.6,975.73
517,113.0,0.6,980.68
518,112.0,0.6,980.68
519,112.0,0.6,983.75
520,112.0,0.6,983.75
521,112.0,0.6,985.08
522,112.0,1.1,987.4
523,113.0,1.4,987.4
524,114.0,1.4,987.4
525,116.0,1.8,992.63
526,117.0,1.8,992.63
527,119.0,1.8,992.63
528,120.0,1.9,994.48
529,121.0,1.9,994.48
530,122.0,1.3,996.26
531,123.0,0.9,996.26
532,123.0,0.9,996.26
533,124.0,0.9,996.26
534,125.0,0.8,998.17
535,125.0,0.8,998.17
536,126.0,0.6,1002.83
537,127.0,0.5,1006.23
538,128.0,0.4,1006.23
539,129.0,1.4,1015.87
540,130.0,2.1,1015.87
541,132.0,2.1,1015.87
542,133.0,2.1,1019.18
543,134.0,2.2,1019.18
544,134.0,2.2,1019.18
545,135.0,4.1,1028.62
546,135.0,4.4,1036.15
547,136.0,4.5,1036.15
548,136.0,3.5,1040.77
549,137.0,2.7,1040.77
550,138.0,2.4,1044.01
551,138.0,3.0,1047.27
552,139.0,3.3,1047.27
553,140.0,3.9,1052.46
554,140.0,4.3,1052.46
555,141.0,5.1,1057.58
556,141.0,4.7,1059.78
557,141.0,4.4,1059.78
558,140.0,3.0,1062.3
559,140.0,2.2,1063.77
560,139.0,1.5,1065.01
561,138.0,1.5,1066.2
562,137.0,1.5,1066.2
563,137.0,2.5,1074.66
564,136.0,3.2,1079.77
565,136.0,3.9,1083.12
566,134.0,3.6,1084.92
567,134.0,2.8,1086.45
568,133.0,1.9,1087.53
569,132.0,1.9,1087.53
570,132.0,1.6,1088.63
571,133.0,1.6,1088.63
572,133.0,1.6,1088.63
573,133.0,1.6,1088.63
574,134.0,1.6,1088.63
575,135.0,1.6,1088.63
576,135.0,1.6,1088.63
577,137.0,1.6,1088.63
578,138.0,1.6,1088.63
579,139.0,1.6,1088.63
580,140.0,1.8,1091.29
581,140.0,1.9,1091.29
582,141.0,1.5,1092.02
583,141.0,1.5,1093.11
584,141.0,1.5,1093.11
585,141.0,1.1,1094.7
586,141.0,1.1,1094.7
587,141.0,0.9,1096.5
588,141.0,0.9,1096.5
589,141.0,0.8,1098.58
590,141.0,0.7,1098.58
591,141.0,0.7,1098.58
592,142.0,0.6,1099.47
593,142.0,0.6,1099.47
594,141.0,0.5,1100.7
595,141.0,0.7,1102.55
596,140.0,0.7,1102.55
597,139.0,0.7,1102.55
598,138.0,0.7,1102.55
599,138.0,0.7,1102.55
600,137.0,0.5,1103.68
601,137.0,0.5,1103.68
602,137.0,0.5,1103.68
603,137.0,0.8,1104.86
604,137.0,1.0,1104.86
605,137.0,1.0,1104.86
606,138.0,1.7,1106.25
607,138.0,2.1,1106.25
608,138.0,2.0,1109.81
609,138.0,1.9,1109.81
610,138.0,2.4,1114.64
611,139.0,2.7,1114.64
612,140.0,2.7,1114.64
613,141.0,2.7,1114.64
614,143.0,2.7,1114.64
615,144.0,2.7,1114.64
616,144.0,2.7,1114.64
617,149.0,2.7,1114.64
618,152.0,2.7,1114.64
619,155.0,2.3,1117.61
620,156.0,2.0,1119.27
621,156.0,2.0,1119.27
622,156.0,1.6,1120.66
623,156.0,1.6,1120.66
624,155.0,1.6,1120.66
625,154.0,1.4,1123.2
626,152.0,1.3,1123.2
627,150.0,1.3,1123.2
628,148.0,1.0,1127.66
629,146.0,1.0,1127.66
630,144.0,0.7,1129.17
631,140.0,0.7,1131.24
632,138.0,0.7,1131.24
633,137.0,1.0,1134.56
634,137.0,1.2,1136.82
635,137.0,1.2,1136.82
636,137.0,1.2,1138.49
637,136.0,1.3,1138.49
638,135.0,1.3,1138.49
639,134.0,1.0,1141.83
640,133.0,1.0,1141.83
641,132.0,1.0,1143.54
642,131.0,1.0,1143.54
643,130.0,1.0,1143.54
644,129.0,1.1,1144.79
645,128.0,1.1,1144.79
646,128.0,1.1,1144.79
647,127.0,0.9,1146.23
648,126.0,0.9,1148.08
649,125.0,0.9,1148.08
650,126.0,1.8,1152.64
651,126.0,3.3,1155.8
652,128.0,3.8,1158.3
653,128.0,4.1,1158.3
654,129.0,2.9,1160.1
655,128.0,2.1,1160.1
656,128.0,3.4,1166.97
657,129.0,4.2,1166.97
658,129.0,4.5,1170.67
659,130.0,4.8,1170.67
660,131.0,4.3,1172.21
661,132.0,4.0,1172.21
662,133.0,4.7,1179.28
663,134.0,6.3,1185.22
664,134.0,7.5,1185.22
665,134.0,8.1,1189.87
666,134.0,8.5,1189.87
667,135.0,8.4,1192.75
668,135.0,8.3,1195.32
669,136.0,8.2,1195.32
670,136.0,7.9,1198.55
671,136.0,7.8,1200.11
672,135.0,7.7,1200.11
673,135.0,8.7,1211.37
674,134.0,9.9,1216.8
675,133.0,10.3,1221.45
676,133.0,10.2,1225.76
677,135.0,10.0,1230.06
678,137.0,9.8,1230.06
679,138.0,8.5,1235.59
680,138.0,8.5,1235.59
681,139.0,8.3,1237.26
682,140.0,6.7,1241.04
683,141.0,6.2,1246.82
684,141.0,5.9,1246.82
685,140.0,4.9,1250.01
686,140.0,4.3,1250.01
687,139.0,4.3,1250.01
688,138.0,3.3,1253.62
689,136.0,2.7,1253.62
690,135.0,2.7,1253.62
691,135.0,2.1,1256.37
692,133.0,0.0,1257.48
693,132.0,0.0,1257.48
694,133.0,0.0,1257.48
695,133.0,0.0,1257.48
696,133.0,0.0,1257.48
697,133.0,0.0,1257.48
698,133.0,0.0,1257.48
699,133.0,0.0,1257.48
700,133.0,0.0,1257.48
701,133.0,0.0,1257.48
702,137.0,0.0,1257.48
703,137.0,0.0,1257.48
704,139.0,0.0,1257.48
705,139.0,0.0,1257.48
706,140.0,0.0,1259.29
707,140.0,0.0,1259.29
708,140.0,0.0,1261.1
709,141.0,0.0,1261.1
710,141.0,0.0,1261.1
711,141.0,0.0,1261.1
712,141.0,0.0,1261.1
713,141.0,0.0,1261.1
714,144.0,0.0,1261.1
715,149.0,0.0,1261.1
716,149.0,0.0,1261.1
717,149.0,0.0,1261.1
718,149.0,0.0,1261.1
719,149.0,0.0,1261.1
720,149.0,0.0,1261.1
721,149.0,0.0,1261.1
722,149.0,0.0,1261.1
723,149.0,0.0,1261.1
724,149.0,0.0,1261.1
725,149.0,0.0,1261.1
726,150.0,0.0,1261.1
727,150.0,0.0,1261.1
728,150.0,0.0,1261.1
729,150.0,0.0,1261.1
730,150.0,0.0,1261.1
731,150.0,0.0,1261.1
732,149.0,0.0,1261.1
733,149.0,0.0,1261.1
734,149.0,0.0,1261.1
735,148.0,0.0,1261.1
736,146.0,0.0,1261.1
737,145.0,1.2,1265.19
738,144.0,2.1,1266.29
739,143.0,2.7,1266.29
740,143.0,2.7,1266.29
741,143.0,1.9,1271.25
742,142.0,1.4,1271.25
743,142.0,1.4,1271.25
744,141.0,1.1,1274.73
745,141.0,1.1,1274.73
746,142.0,1.1,1274.73
747,142.0,1.1,1275.86
748,142.0,1.1,1275.86
749,142.0,1.6,1276.91
750,142.0,1.6,1276.91
751,142.0,1.6,1276.91
752,142.0,1.6,1276.91
753,143.0,2.1,1278.79
754,142.0,2.1,1278.79
755,143.0,2.1,1278.79
756,143.0,2.1,1278.79
757,142.0,2.1,1278.79
758,142.0,2.1,1278.79
759,142.0,2.1,1278.79
760,142.0,2.1,1278.79
761,142.0,2.1,1278.79
762,142.0,2.1,1278.79
763,141.0,2.1,1278.79
764,141.0,2.1,1278.79
765,141.0,2.1,1278.79
766,141.0,2.1,1278.79
767,141.0,2.1,1278.79
768,141.0,2.1,1278.79
769,141.0,2.1,1278.79
770,141.0,2.1,1278.79
771,141.0,2.1,1278.79
772,142.0,2.1,1278.79
773,142.0,2.1,1278.79
774,142.0,2.1,1278.79
775,142.0,2.1,1278.79
776,142.0,2.1,1278.79
777,146.0,2.1,1278.79
778,146.0,2.1,1278.79
779,146.0,2.1,1278.79
780,146.0,2.1,1278.79
781,150.0,2.1,1278.79
782,150.0,2.1,1278.79
783,150.0,2.1,1278.79
784,150.0,2.1,1278.79
785,149.0,2.1,1278.79
786,149.0,2.1,1278.79
787,149.0,2.1,1278.79
788,148.0,2.1,1278.79
789,146.0,2.1,1278.79
790,145.0,2.1,1278.79
791,145.0,2.1,1278.79
792,145.0,2.1,1278.79
793,143.0,2.1,1278.79
794,142.0,2.1,1278.79
795,142.0,2.1,1278.79
796,145.0,2.1,1278.79
797,146.0,2.1,1278.79
798,148.0,2.1,1278.79
799,148.0,2.1,1278.79
800,150.0,2.1,1278.79
801,150.0,2.1,1278.79
802,151.0,2.1,1278.79
803,151.0,2.1,1278.79
804,150.0,2.1,1278.79
805,149.0,2.1,1278.79
806,148.0,2.1,1278.79
807,147.0,2.1,1278.79
808,147.0,2.1,1278.79
809,147.0,2.1,1278.79
810,142.0,2.1,1278.79
811,142.0,2.1,1278.79
812,140.0,2.1,1278.79
813,138.0,2.1,1278.79
814,137.0,2.1,1278.79
815,137.0,2.1,1278.79
816,137.0,2.1,1278.79
817,138.0,2.1,1278.79
818,139.0,2.1,1278.79
819,141.0,2.1,1278.79
820,142.0,2.1,1278.79
821,144.0,2.1,1278.79
822,146.0,2.1,1278.79
823,149.0,2.1,1278.79
824,151.0,2.1,1278.79
825,153.0,2.1,1278.79
826,155.0,2.1,1278.79
827,155.0,2.1,1278.79
828,156.0,2.1,1278.79
829,156.0,2.1,1278.79
830,155.0,2.1,1278.79
831,153.0,2.1,1278.79
832,153.0,2.1,1278.79
833,149.0,2.1,1278.79
834,147.0,2.1,1278.79
835,146.0,2.1,1278.79
836,145.0,2.1,1278.79
837,145.0,2.1,1278.79
838,145.0,2.1,1278.79
839,145.0,2.1,1278.79
840,145.0,2.1,1278.79
841,145.0,2.1,1278.79
842,,2.1,1278.79
843,,2.1,1278.79
844,,2.1,1278.79
845,,2.1,1278.79
846,,2.1,1278.79
847,,2.1,1278.79
848,,2.1,1278.79
849,,2.1,1278.79
850,,2.1,1278.79
851,,2.1,1278.79
852,145.0,2.1,1278.79
853,144.0,2.1,1278.79
854,144.0,2.1,1278.79
855,143.0,2.1,1278.79
856,143.0,2.1,1278.79
857,143.0,2.1,1278.79
858,142.0,2.1,1278.79
859,141.0,2.1,1278.79
860,140.0,2.1,1278.79
861,139.0,1.5,1285.29
862,138.0,1.5,1285.29
863,137.0,1.2,1286.42
864,136.0,1.2,1286.42
865,135.0,1.2,1286.42
866,134.0,2.6,1289.48
867,134.0,3.6,1289.48
868,133.0,2.6,1293.02
869,132.0,2.0,1294.61
870,132.0,2.0,1294.61
871,131.0,3.1,1297.31
872,130.0,3.1,1297.31
873,128.0,2.1,1298.51
874,128.0,1.5,1298.51
875,127.0,1.5,1298.51
876,127.0,1.5,1298.51
877,127.0,1.5,1301.29
878,127.0,1.5,1301.29
879,127.0,1.1,1302.59
880,126.0,1.1,1302.59
881,126.0,0.8,1303.84
882,126.0,0.8,1303.84
883,126.0,0.8,1303.84
884,126.0,1.1,1305.59
885,125.0,1.3,1305.59
886,122.0,1.4,1308.26
887,120.0,1.7,1309.48
888,119.0,1.7,1309.48
889,118.0,1.5,1310.65
890,118.0,1.4,1310.65
891,117.0,1.4,1310.65
892,116.0,1.0,1313.14
893,116.0,1.0,1313.14
894,116.0,1.0,1313.14
895,116.0,1.0,1313.14
896,117.0,1.0,1313.14
897,118.0,1.0,1313.14
898,119.0,1.0,1313.14
899,119.0,1.0,1314.4
900,119.0,1.0,1314.4
901,118.0,1.0,1314.4
902,116.0,1.0,1314.4
903,114.0,1.6,1315.73
904,114.0,1.6,1315.73
905,112.0,1.6,1315.73
906,112.0,1.6,1315.73
907,113.0,1.6,1315.73
908,113.0,1.6,1315.73
909,113.0,1.6,1315.73
910,113.0,1.6,1315.73
911,113.0,1.6,1315.73
912,113.0,1.6,1315.73
913,117.0,1.6,1315.73
914,119.0,1.6,1315.73
915,130.0,1.6,1315.73
916,132.0,1.6,1315.73
917,133.0,1.6,1315.73
918,133.0,1.6,1315.73
919,134.0,1.6,1315.73
920,135.0,1.6,1315.73
921,135.0,1.6,1315.73
922,135.0,1.6,1315.73
923,134.0,1.6,1315.73
924,133.0,1.6,1315.73
925,132.0,1.6,1315.73
926,131.0,1.6,1315.73
927,131.0,1.6,1315.73
928,130.0,1.6,1315.73
929,130.0,1.6,1315.73
930,129.0,1.6,1315.73
931,129.0,1.6,1315.73
932,129.0,1.6,1315.73
933,128.0,1.6,1315.73
934,128.0,1.6,1315.73
935,128.0,1.6,1315.73
936,127.0,1.1,1321.33
937,127.0,1.1,1321.33
938,126.0,1.0,1322.78
939,126.0,1.0,1322.78
940,125.0,1.0,1322.78
941,124.0,0.7,1323.85
942,123.0,1.5,1326.45
943,123.0,1.8,1330.11
944,123.0,1.8,1330.11
945,122.0,1.8,1330.11
946,122.0,1.8,1330.11
947,121.0,1.8,1330.11
948,121.0,1.4,1332.0
949,120.0,1.4,1332.0
950,120.0,1.4,1332.0
951,120.0,1.4,1332.0
952,119.0,1.1,1333.28
953,118.0,1.1,1333.28
954,117.0,1.0,1334.69
955,116.0,1.0,1334.69
956,116.0,1.2,1335.72
957,116.0,1.2,1335.72
958,116.0,1.2,1335.72
959,116.0,0.9,1336.91
960,116.0,0.9,1336.91
961,116.0,0.9,1336.91
962,115.0,0.9,1336.91
963,113.0,0.9,1338.34
964,112.0,0.9,1338.34
965,111.0,0.9,1338.34
966,111.0,0.9,1338.34
967,111.0,0.9,1338.34
968,112.0,1.1,1339.42
969,112.0,2.0,1340.96
970,112.0,2.0,1340.96
971,111.0,2.0,1340.96
972,111.0,2.0,1340.96
973,110.0,2.0,1340.96
974,110.0,2.0,1340.96
975,109.0,2.0,1340.96
976,109.0,2.0,1340.96
977,109.0,2.0,1340.96
978,115.0,2.0,1340.96
979,118.0,2.0,1340.96
980,122.0,2.0,1340.96
981,125.0,2.0,1340.96
982,127.0,2.0,1340.96
983,128.0,2.0,1340.96
984,130.0,2.0,1340.96
985,131.0,2.0,1340.96
986,132.0,2.0,1340.96
987,133.0,2.0,1340.96
988,133.0,2.0,1340.96
989,132.0,2.0,1340.96
990,132.0,2.0,1340.96
991,131.0,2.0,1340.96
992,131.0,2.0,1340.96
993,130.0,2.0,1340.96
994,130.0,2.0,1340.96
995,129.0,2.0,1340.96
996,129.0,2.0,1340.96
997,128.0,2.0,1340.96
998,127.0,2.0,1340.96
999,127.0,2.0,1340.96
1000,126.0,2.0,1340.96
1001,126.0,2.0,1340.96
1002,126.0,2.0,1340.96
1003,125.0,2.0,1340.96
1004,124.0,2.0,1340.96
1005,124.0,2.0,1340.96
1006,124.0,2.0,1340.96
1007,124.0,2.0,1340.96
1008,126.0,2.0,1340.96
1009,128.0,2.0,1340.96
1010,129.0,2.0,1340.96
1011,131.0,2.0,1340.96
1012,134.0,2.0,1340.96
1013,136.0,2.0,1340.96
1014,138.0,2.0,1340.96
1015,140.0,2.0,1340.96
1016,142.0,2.0,1340.96
1017,143.0,2.0,1340.96
1018,143.0,2.0,1340.96
1019,143.0,2.0,1340.96
1020,143.0,2.0,1340.96
1021,142.0,2.0,1340.96
1022,141.0,2.0,1340.96
1023,140.0,2.0,1340.96
1024,138.0,2.0,1340.96
1025,138.0,2.0,1340.96
1026,135.0,2.0,1340.96
1027,134.0,2.0,1340.96
1028,132.0,2.0,1340.96
1029,131.0,2.0,1340.96
1030,129.0,2.0,1340.96
1031,128.0,2.0,1340.96
1032,127.0,2.0,1340.96
1033,126.0,2.0,1340.96
1034,125.0,2.0,1340.96
1035,124.0,2.0,1340.96
1036,124.0,2.0,1340.96
1037,124.0,2.0,1340.96
1038,124.0,2.0,1340.96
1039,124.0,2.0,1340.96
1040,124.0,2.0,1340.96
1041,124.0,2.0,1340.96
1042,124.0,2.0,1340.96
1043,124.0,2.0,1340.96
1044,123.0,2.0,1340.96
1045,123.0,2.0,1340.96
1046,125.0,2.0,1340.96
1047,131.0,2.0,1340.96
1048,131.0,2.0,1340.96
1049,133.0,2.0,1340.96
1050,133.0,2.0,1340.96
1051,133.0,2.0,1340.96
1052,135.0,2.0,1340.96
1053,135.0,2.0,1340.96
1054,136.0,2.0,1340.96
1055,136.0,2.0,1340.96
1056,137.0,2.0,1340.96
1057,136.0,2.0,1340.96
1058,136.0,2.0,1340.96
1059,136.0,2.0,1340.96
1060,136.0,2.0,1340.96
1061,135.0,2.0,1340.96
1062,134.0,2.0,1340.96
1063,133.0,2.0,1340.96
1064,132.0,2.0,1340.96
1065,131.0,2.0,1340.96
1066,131.0,2.0,1340.96
1067,130.0,2.0,1340.96
1068,130.0,2.0,1340.96
1069,129.0,2.0,1340.96
1070,128.0,2.0,1340.96
1071,127.0,2.0,1340.96
1072,126.0,2.0,1340.96
1073,125.0,2.0,1340.96
1074,124.0,2.0,1340.96
1075,124.0,2.0,1340.96
1076,125.0,2.0,1340.96
1077,124.0,2.0,1340.96
1078,123.0,2.0,1340.96
1079,122.0,2.0,1340.96
1080,121.0,2.0,1340.96
1081,120.0,2.0,1340.96
1082,120.0,2.0,1340.96
1083,120.0,2.0,1340.96
1084,120.0,2.0,1340.96
1085,119.0,2.0,1340.96
1086,119.0,2.0,1340.96
1087,118.0,2.0,1340.96
1088,117.0,2.0,1340.96
1089,117.0,2.0,1340.96
1090,117.0,2.0,1340.96
1091,117.0,2.0,1340.96
1092,117.0,2.0,1340.96
1093,120.0,2.0,1340.96
1094,124.0,2.0,1340.96
1095,127.0,2.0,1340.96
1096,129.0,2.0,1340.96
1097,131.0,2.0,1340.96
1098,133.0,2.0,1340.96
1099,133.0,2.0,1340.96
1100,137.0,2.0,1340.96
1101,138.0,2.0,1340.96
1102,138.0,2.0,1340.96
1103,139.0,2.0,1340.96
1104,139.0,2.0,1340.96
1105,138.0,2.0,1340.96
1106,137.0,2.0,1340.96
1107,136.0,2.0,1340.96
1108,135.0,2.0,1340.96
1109,134.0,2.0,1340.96
1110,133.0,2.0,1340.96
1111,133.0,2.0,1340.96
1112,132.0,2.0,1340.96
1113,132.0,2.0,1340.96
1114,131.0,2.0,1340.96
1115,131.0,2.0,1340.96
1116,131.0,2.0,1340.96
1117,132.0,2.0,1340.96
1118,133.0,2.0,1340.96
1119,134.0,2.0,1340.96
1120,136.0,2.0,1340.96
1121,138.0,2.0,1340.96
1122,140.0,2.0,1340.96
1123,142.0,2.0,1340.96
1124,143.0,2.0,1340.96
1125,143.0,2.0,1340.96
1126,142.0,2.0,1340.96
1127,140.0,2.0,1340.96
1128,140.0,2.0,1340.96
1129,137.0,1.5,1346.5
1130,136.0,1.5,1346.5
1131,136.0,1.5,1346.5
1132,135.0,1.2,1348.0
1133,134.0,1.0,1349.13
1134,133.0,1.0,1349.13
1135,131.0,1.8,1351.78
1136,130.0,2.0,1353.99
1137,128.0,2.0,1353.99
1138,128.0,2.0,1353.99
1139,127.0,1.5,1355.4
1140,126.0,1.5,1355.4
1141,125.0,1.1,1356.56
1142,124.0,0.9,1357.88
1143,124.0,0.9,1357.88
1144,123.0,0.9,1357.88
1145,122.0,0.9,1357.88
1146,122.0,0.7,1359.2
1147,121.0,0.7,1359.2
1148,121.0,0.7,1359.2
1149,121.0,0.7,1359.2
1150,120.0,0.6,1360.27
1151,119.0,0.6,1360.27
1152,118.0,0.8,1361.35
1153,117.0,0.8,1361.35
1154,116.0,0.8,1361.35
1155,116.0,0.5,1362.43
1156,115.0,0.5,1362.43
1157,115.0,0.6,1363.45
1158,115.0,0.6,1363.45
1159,114.0,0.6,1363.45
1160,114.0,0.6,1363.45
1161,113.0,0.6,1364.6
1162,112.0,0.6,1364.6
1163,112.0,0.6,1365.88
1164,111.0,0.6,1365.88
1165,110.0,0.6,1365.88
1166,110.0,0.6,1365.88
1167,110.0,0.6,1365.88
1168,110.0,0.6,1365.88
1169,109.0,0.6,1365.88
1170,109.0,0.6,1365.88
1171,109.0,0.6,1365.88
1172,108.0,0.6,1365.88
1173,108.0,0.6,1365.88
1174,108.0,0.6,1365.88
1175,108.0,0.6,1365.88
1176,108.0,0.6,1365.88
1177,109.0,0.6,1365.88
1178,110.0,0.6,1366.92
1179,110.0,0.6,1366.92
1180,110.0,0.6,1366.92
1181,110.0,0.6,1366.92
1182,110.0,0.6,1366.92
1183,110.0,0.6,1366.92
1184,110.0,0.6,1366.92
1185,109.0,0.6,1366.92
1186,109.0,0.6,1366.92
1187,109.0,0.6,1366.92
1188,108.0,0.6,1366.92
1189,108.0,0.6,1366.92
1190,106.0,0.6,1366.92
1191,105.0,0.6,1366.92
1192,103.0,0.5,1368.17
1193,102.0,0.5,1368.17
1194,103.0,0.5,1368.17
1195,103.0,0.5,1368.17
1196,103.0,0.5,1368.17
1197,102.0,0.3,1369.26
1198,102.0,0.3,1369.26
1199,100.0,0.3,1369.26
1200,100.0,0.3,1369.26
1201,99.0,0.3,1369.26
1202,98.0,0.3,1369.26
1203,98.0,0.3,1370.49
1204,97.0,0.3,1370.49
1205,97.0,0.3,1370.49
1206,97.0,0.3,1370.49
1207,96.0,0.3,1371.51
1208,96.0,0.3,1371.51
1209,96.0,0.3,1371.51
1210,96.0,0.3,1371.51
1211,97.0,0.3,1371.51
1212,97.0,0.3,1371.51
1213,97.0,0.3,1371.51
1214,97.0,0.3,1371.51
1215,97.0,0.2,1372.8
1216,97.0,0.2,1372.8
1217,97.0,0.2,1372.8
1218,97.0,0.2,1372.8
1219,97.0,0.2,1372.8
1220,96.0,0.2,1372.8
1221,96.0,0.2,1372.8
1222,95.0,0.2,1372.8
1223,95.0,0.2,1372.8
1224,95.0,0.2,1372.8
1225,94.0,0.2,1372.8
1226,94.0,0.2,1372.8
1227,94.0,0.2,1372.8
1228,94.0,0.2,1372.8
1229,94.0,0.2,1374.45
1230,94.0,0.2,1374.45
1231,94.0,0.2,1374.45
1232,94.0,0.2,1374.45
1233,94.0,0.2,1374.45
1234,94.0,0.2,1374.45
1235,94.0,0.2,1374.45
1236,94.0,0.2,1375.47
1237,94.0,0.2,1375.47
1238,95.0,0.2,1375.47
1239,95.0,0.2,1376.68
1240,96.0,0.2,1376.68
1241,96.0,0.2,1376.68
1242,96.0,0.2,1376.68
1243,96.0,0.5,1378.15
1244,96.0,0.7,1378.15
1245,96.0,1.5,1382.24
1246,97.0,1.5,1382.24
1247,99.0,1.5,1382.24
1248,99.0,1.5,1382.24
1249,102.0,1.5,1382.24
1250,102.0,1.5,1382.24
1251,102.0,1.5,1382.24
1252,103.0,1.5,1382.24
1253,103.0,1.5,1382.24
1254,107.0,1.5,1382.24
1255,110.0,1.5,1382.24
1256,112.0,1.5,1382.24
1257,117.0,1.5,1382.24
1258,122.0,1.5,1382.24
1259,126.0,1.5,1382.24
1260,130.0,1.5,1382.24
1261,134.0,1.5,1382.24
1262,137.0,1.5,1382.24
1263,140.0,1.5,1382.24
1264,144.0,1.5,1382.24
1265,144.0,1.5,1382.24
1266,146.0,1.5,1382.24
1267,147.0,1.5,1382.24
1268,147.0,1.5,1382.24
1269,147.0,1.5,1382.24
1270,146.0,1.5,1382.24
1271,145.0,1.5,1382.24
1272,145.0,1.5,1382.24
1273,143.0,1.5,1382.24
1274,142.0,1.5,1382.24
1275,141.0,1.5,1382.24
1276,141.0,1.5,1382.24
1277,138.0,1.5,1382.24
1278,136.0,1.5,1382.24
1279,135.0,1.5,1382.24
1280,134.0,1.5,1382.24
1281,133.0,1.5,1382.24
1282,132.0,2.4,1390.99
1283,131.0,2.7,1392.39
1284,130.0,3.3,1393.63
1285,130.0,3.3,1393.63
1286,129.0,3.0,1395.97
1287,129.0,3.0,1395.97
1288,129.0,2.1,1398.93
1289,128.0,1.8,1400.1
1290,128.0,1.8,1400.1
1291,128.0,1.8,1400.1
1292,127.0,2.7,1403.66
1293,127.0,3.2,1403.66
1294,126.0,3.0,1404.91
1295,126.0,3.0,1404.91
1296,125.0,2.2,1405.96
1297,125.0,1.7,1407.14
1298,125.0,1.3,1407.14
1299,124.0,1.3,1407.14
1300,123.0,1.1,1409.63
1301,123.0,1.1,1409.63
1302,122.0,1.2,1410.68
1303,122.0,1.3,1411.92
1304,122.0,1.4,1411.92
1305,121.0,1.4,1411.92
1306,121.0,1.4,1411.92
1307,120.0,1.2,1412.7
1308,120.0,1.6,1413.75
1309,119.0,1.9,1413.75
1310,119.0,1.3,1415.81
1311,119.0,1.3,1415.81
1312,119.0,1.3,1415.81
1313,119.0,1.3,1415.81
1314,118.0,1.3,1415.81
1315,118.0,1.3,1415.81
1316,118.0,1.3,1415.81
1317,117.0,1.3,1415.81
1318,116.0,1.3,1415.81
1319,115.0,1.3,1415.81
1320,115.0,1.3,1415.81
1321,115.0,1.3,1415.81
1322,115.0,1.3,1415.81
1323,115.0,1.3,1415.81
1324,115.0,1.3,1415.81
1325,115.0,1.3,1415.81
1326,126.0,1.3,1415.81
1327,138.0,1.3,1415.81
1328,141.0,1.3,1415.81
1329,142.0,1.3,1415.81
1330,143.0,1.3,1415.81
1331,143.0,1.3,1415.81
1332,142.0,1.3,1415.81
1333,141.0,1.3,1415.81
1334,141.0,1.3,1415.81
1335,140.0,1.3,1415.81
1336,138.0,1.3,1415.81
1337,138.0,1.3,1415.81
1338,137.0,1.3,1415.81
1339,136.0,1.3,1415.81
1340,135.0,1.3,1415.81
1341,134.0,1.3,1415.81
1342,133.0,1.3,1415.81
1343,133.0,1.3,1415.81
1344,132.0,1.3,1415.81
1345,132.0,1.3,1415.81
1346,131.0,1.3,1415.81
1347,131.0,1.3,1415.81
1348,131.0,1.3,1415.81
1349,131.0,1.3,1415.81
1350,130.0,1.3,1415.81
1351,130.0,1.3,1415.81
1352,130.0,1.3,1415.81
1353,130.0,1.3,1415.81
1354,129.0,1.3,1415.81
1355,129.0,1.3,1415.81
1356,128.0,1.3,1415.81
1357,128.0,1.3,1415.81
1358,129.0,1.3,1415.81
1359,130.0,1.3,1415.81
1360,131.0,1.3,1415.81
1361,131.0,1.3,1415.81
1362,130.0,1.3,1415.81
1363,130.0,1.3,1415.81
1364,130.0,1.3,1415.81
1365,130.0,1.3,1415.81
1366,130.0,1.3,1415.81
1367,130.0,1.3,1415.81
1368,131.0,1.3,1415.81
1369,134.0,1.3,1415.81
1370,136.0,1.3,1415.81
1371,139.0,1.3,1415.81
1372,141.0,1.3,1415.81
1373,144.0,1.3,1415.81
1374,146.0,1.3,1415.81
1375,148.0,1.3,1415.81
1376,149.0,1.3,1415.81
1377,151.0,1.3,1415.81
1378,151.0,1.3,1415.81
1379,151.0,1.3,1415.81
1380,150.0,1.3,1415.81
1381,149.0,1.3,1415.81
1382,149.0,1.3,1415.81
1383,148.0,1.3,1415.81
1384,147.0,1.3,1415.81
1385,147.0,1.3,1415.81
1386,146.0,1.3,1415.81
1387,145.0,1.3,1415.81
1388,144.0,1.3,1415.81
1389,143.0,1.3,1415.81
1390,142.0,1.3,1415.81
1391,141.0,1.3,1415.81
1392,140.0,1.3,1415.81
1393,139.0,1.3,1415.81
1394,138.0,1.3,1415.81
1395,137.0,1.3,1415.81
1396,136.0,1.3,1415.81
1397,135.0,1.3,1415.81
1398,135.0,1.3,1415.81
1399,133.0,1.3,1415.81
1400,131.0,1.3,1415.81
1401,131.0,1.3,1415.81
1402,130.0,1.3,1415.81
1403,129.0,1.3,1415.81
1404,129.0,1.3,1415.81
1405,129.0,1.3,1415.81
1406,127.0,1.3,1415.81
1407,127.0,1.3,1415.81
1408,128.0,1.3,1415.81
1409,128.0,1.3,1415.81
1410,129.0,1.3,1415.81
1411,128.0,1.3,1415.81
1412,128.0,1.3,1415.81
1413,127.0,1.3,1415.81
1414,127.0,1.3,1415.81
1415,127.0,1.3,1415.81
1416,128.0,1.3,1415.81
1417,128.0,1.3,1415.81
1418,128.0,1.3,1415.81
1419,129.0,1.3,1415.81
1420,131.0,1.3,1415.81
1421,132.0,1.3,1415.81
1422,134.0,1.3,1415.81
1423,139.0,1.3,1415.81
1424,141.0,1.3,1415.81
1425,142.0,1.3,1415.81
1426,142.0,1.3,1415.81
1427,145.0,1.3,1415.81
1428,148.0,1.3,1415.81
1429,149.0,1.3,1415.81
1430,149.0,1.3,1415.81
1431,150.0,1.3,1415.81
1432,150.0,1.3,1415.81
1433,150.0,1.3,1415.81
1434,150.0,1.3,1415.81
1435,150.0,1.3,1415.81
1436,148.0,1.3,1415.81
1437,145.0,1.3,1415.81
1438,144.0,1.3,1415.81
1439,142.0,1.3,1415.81
1440,140.0,1.3,1415.81
1441,139.0,1.3,1415.81
1442,138.0,1.3,1415.81
1443,137.0,1.3,1415.81
1444,137.0,1.3,1415.81
1445,136.0,1.3,1415.81
1446,136.0,1.3,1415.81
1447,136.0,1.3,1415.81
1448,135.0,1.3,1415.81
1449,135.0,1.3,1415.81
1450,135.0,1.3,1415.81
1451,134.0,1.3,1415.81
1452,133.0,1.3,1415.81
1453,132.0,1.3,1415.81
1454,132.0,1.3,1415.81
1455,131.0,1.3,1415.81
1456,131.0,1.3,1415.81
1457,131.0,1.3,1415.81
1458,131.0,1.3,1415.81
1459,130.0,1.3,1415.81
1460,130.0,1.3,1415.81
1461,129.0,1.3,1415.81
1462,128.0,1.3,1415.81
1463,127.0,1.3,1415.81
1464,126.0,1.3,1415.81
1465,126.0,1.3,1415.81
1466,126.0,1.3,1415.81
1467,126.0,1.3,1415.81
1468,126.0,1.3,1415.81
1469,126.0,1.3,1415.81
1470,132.0,1.3,1415.81
1471,134.0,1.3,1415.81
1472,136.0,1.3,1415.81
1473,138.0,1.3,1415.81
1474,140.0,1.3,1415.81
1475,143.0,1.3,1415.81
1476,144.0,1.3,1415.81
1477,144.0,1.3,1415.81
1478,147.0,1.3,1415.81
1479,147.0,1.3,1415.81
1480,147.0,1.3,1415.81
1481,153.0,1.3,1415.81
1482,154.0,1.3,1415.81
1483,154.0,1.3,1415.81
1484,154.0,1.3,1415.81
1485,154.0,1.3,1415.81
1486,153.0,1.3,1415.81
1487,152.0,1.3,1415.81
1488,150.0,1.3,1415.81
1489,149.0,1.3,1415.81
1490,148.0,1.3,1415.81
1491,146.0,1.3,1415.81
1492,145.0,1.3,1415.81
1493,144.0,1.3,1415.81
1494,144.0,1.3,1415.81
1495,143.0,1.3,1415.81
1496,142.0,1.3,1415.81
1497,142.0,1.3,1415.81
1498,141.0,1.3,1415.81
1499,141.0,1.3,1415.81
1500,141.0,1.3,1415.81
1501,141.0,1.3,1415.81
1502,142.0,1.3,1415.81
1503,142.0,1.3,1415.81
1504,142.0,1.3,1415.81
1505,142.0,1.3,1415.81
1506,141.0,1.3,1415.81
1507,141.0,1.3,1415.81
1508,141.0,1.3,1415.81
1509,142.0,1.3,1415.81
1510,142.0,1.3,1415.81
1511,144.0,1.3,1415.81
1512,147.0,1.3,1415.81
1513,148.0,1.3,1415.81
1514,149.0,1.3,1415.81
1515,149.0,1.2,1420.64
1516,148.0,1.2,1420.64
1517,148.0,1.2,1420.64
1518,147.0,1.2,1420.64
1519,145.0,0.9,1422.94
1520,144.0,1.6,1424.46
1521,142.0,1.5,1427.05
1522,140.0,1.5,1427.05
1523,139.0,1.5,1427.05
1524,138.0,1.1,1429.69
1525,137.0,1.1,1429.69
1526,135.0,1.1,1429.69
1527,134.0,1.1,1429.69
1528,133.0,1.1,1429.69
1529,131.0,1.1,1429.69
1530,130.0,1.2,1431.78
1531,129.0,1.2,1431.78
1532,128.0,0.8,1433.06
1533,128.0,0.8,1433.06
1534,127.0,0.7,1434.84
1535,126.0,0.7,1434.84
1536,124.0,0.7,1434.84
1537,123.0,0.7,1434.84
1538,122.0,0.7,1434.84
1539,122.0,0.7,1434.84
1540,121.0,1.2,1436.75
1541,121.0,1.5,1436.75
1542,120.0,1.5,1436.75
1543,119.0,1.5,1436.75
1544,119.0,1.5,1436.75
1545,118.0,1.0,1437.41
1546,118.0,1.0,1437.41
1547,118.0,1.0,1437.41
1548,118.0,1.0,1437.41
1549,118.0,1.0,1437.41
1550,117.0,1.0,1437.41
1551,117.0,1.0,1437.41
1552,117.0,1.0,1437.41
1553,116.0,1.9,1439.9
1554,115.0,2.4,1439.9
1555,115.0,1.7,1441.16
1556,114.0,1.3,1441.16
1557,114.0,0.9,1443.18
1558,114.0,0.7,1443.18
1559,115.0,0.7,1443.18
1560,115.0,0.7,1443.18
1561,116.0,0.7,1443.18
1562,117.0,0.7,1443.18
1563,120.0,0.7,1443.18
1564,121.0,0.7,1443.18
1565,122.0,0.7,1443.18
1566,124.0,0.7,1443.18
1567,126.0,0.7,1443.18
1568,128.0,0.7,1443.18
1569,130.0,0.7,1443.18
1570,133.0,0.7,1443.18
1571,135.0,0.0,1444.39
1572,138.0,0.0,1444.39
1573,141.0,0.0,1444.39
1574,142.0,0.0,1444.39
1575,144.0,0.0,1444.39
1576,145.0,0.0,1444.39
1577,146.0,0.0,1444.39
1578,146.0,0.0,1444.39
1579,146.0,0.0,1444.39
1580,145.0,0.0,1444.39
1581,144.0,0.0,1444.39
1582,143.0,0.0,1444.39
1583,142.0,0.0,1444.39
1584,142.0,0.0,1444.39
1585,140.0,0.0,1444.39
1586,139.0,0.0,1444.39
1587,138.0,0.0,1444.39
1588,138.0,0.0,1444.39
1589,137.0,0.0,1444.39
1590,137.0,0.0,1444.39
1591,136.0,0.0,1444.39
1592,135.0,0.0,1444.39
1593,135.0,0.0,1444.39
1594,134.0,0.0,1444.39
1595,134.0,0.0,1444.39
1596,134.0,0.0,1444.39
1597,134.0,0.0,1444.39
1598,134.0,0.0,1444.39
1599,134.0,0.0,1444.39
1600,134.0,0.0,1444.39
1601,134.0,0.0,1444.39
1602,133.0,0.0,1444.39
1603,132.0,0.0,1444.39
1604,131.0,0.0,1444.39
1605,130.0,0.0,1444.39
1606,129.0,0.0,1444.39
1607,127.0,0.0,1444.39
1608,126.0,0.0,1444.39
1609,126.0,0.0,1444.39
1610,125.0,0.0,1444.39
1611,124.0,0.0,1444.39
1612,124.0,0.0,1444.39
1613,123.0,0.0,1444.39
1614,123.0,0.0,1444.39
1615,122.0,0.0,1444.39
1616,121.0,0.0,1444.39
1617,122.0,0.0,1444.39
1618,124.0,0.0,1444.39
1619,126.0,0.0,1444.39
1620,127.0,0.0,1444.39
1621,129.0,0.0,1444.39
1622,131.0,0.0,1444.39
1623,133.0,0.0,1444.39
1624,135.0,0.0,1444.39
1625,139.0,0.0,1444.39
1626,140.0,0.0,1444.39
1627,140.0,0.0,1444.39
1628,144.0,0.1,1450.97
1629,144.0,0.4,1452.16
1630,147.0,0.7,1452.16
1631,148.0,1.3,1455.07
1632,150.0,1.3,1455.07
1633,152.0,0.9,1457.33
1634,152.0,0.9,1457.33
1635,152.0,0.9,1458.77
1636,151.0,0.9,1458.77
1637,151.0,0.9,1458.77
1638,150.0,0.9,1458.77
1639,148.0,1.1,1460.39
1640,147.0,1.1,1460.39
1641,146.0,0.9,1462.6
1642,146.0,0.7,1462.6
1643,145.0,0.8,1463.9
1644,144.0,0.8,1463.9
1645,144.0,0.8,1463.9
1646,144.0,1.3,1465.82
1647,144.0,1.5,1465.82
1648,144.0,1.5,1465.82
1649,144.0,1.9,1470.41
1650,143.0,1.9,1471.41
1651,144.0,1.9,1471.41
1652,144.0,1.9,1471.41
1653,145.0,1.9,1471.41
1654,145.0,1.3,1471.91
1655,145.0,1.3,1471.91
1656,144.0,1.1,1474.73
1657,143.0,1.6,1477.69
1658,143.0,2.0,1479.59
1659,142.0,2.3,1479.59
1660,142.0,2.5,1482.84
1661,138.0,2.9,1485.16
1662,138.0,3.2,1485.16
1663,137.0,2.9,1487.76
1664,136.0,2.9,1487.76
1665,134.0,2.9,1487.76
1666,133.0,2.9,1487.76
1667,131.0,2.9,1487.76
1668,129.0,2.9,1487.76
1669,127.0,2.9,1487.76
1670,126.0,2.9,1487.76
1671,124.0,2.9,1487.76
1672,123.0,2.9,1487.76
1673,121.0,2.9,1487.76
1674,120.0,2.9,1487.76
1675,119.0,2.9,1487.76
1676,119.0,2.9,1487.76
1677,118.0,2.9,1487.76
1678,117.0,2.9,1487.76
1679,117.0,2.1,1492.15
1680,117.0,1.5,1492.15
1681,117.0,1.8,1493.77
1682,119.0,1.8,1493.77
1683,120.0,1.5,1495.21
1684,121.0,1.5,1495.21
1685,121.0,1.5,1495.21
1686,121.0,1.2,1497.2
1687,122.0,1.2,1497.2
1688,122.0,1.2,1497.2
1689,121.0,0.9,1498.26
1690,121.0,0.9,1498.26
1691,121.0,0.9,1498.26
1692,120.0,0.9,1498.26
1693,120.0,0.7,1500.02
1694,120.0,0.7,1500.02
1695,120.0,0.7,1500.02
1696,120.0,0.7,1500.02
1697,120.0,0.7,1500.02
1698,120.0,0.7,1500.02
1699,120.0,0.7,1500.02
1700,120.0,0.7,1500.02
1701,119.0,0.7,1500.02
1702,119.0,0.7,1500.02
1703,118.0,0.8,1501.03
1704,117.0,0.8,1501.03
1705,117.0,0.8,1501.03
1706,117.0,0.8,1501.03
1707,117.0,0.8,1501.03
1708,117.0,0.8,1501.03
1709,116.0,0.8,1501.03
1710,116.0,0.8,1501.03
1711,116.0,0.8,1501.03
1712,117.0,0.8,1501.03
1713,117.0,0.8,1501.03
1714,117.0,0.8,1501.03
1715,117.0,0.8,1501.03
1716,117.0,0.8,1501.03
1717,127.0,0.8,1501.03
1718,130.0,0.8,1501.03
1719,134.0,0.8,1501.03
1720,136.0,0.8,1501.03
1721,138.0,0.8,1501.03
1722,140.0,0.8,1501.03
1723,141.0,0.8,1501.03
1724,142.0,0.8,1501.03
1725,142.0,0.8,1501.03
1726,142.0,0.8,1501.03
1727,142.0,0.8,1501.03
1728,141.0,0.8,1501.03
1729,140.0,0.8,1501.03
1730,139.0,0.8,1501.03
1731,138.0,0.8,1501.03
1732,137.0,0.8,1501.03
1733,137.0,0.8,1501.03
1734,137.0,0.8,1501.03
1735,137.0,0.8,1501.03
1736,137.0,0.8,1501.03
1737,137.0,0.8,1501.03
1738,137.0,0.8,1501.03
1739,136.0,0.8,1501.03
1740,136.0,0.8,1501.03
1741,136.0,0.8,1501.03
1742,136.0,0.8,1501.03
1743,135.0,0.8,1501.03
1744,134.0,0.8,1501.03
1745,134.0,0.8,1501.03
1746,134.0,0.8,1501.03
1747,132.0,0.8,1501.03
1748,132.0,0.8,1501.03
1749,132.0,0.8,1501.03
1750,133.0,0.8,1501.03
1751,134.0,0.8,1501.03
1752,134.0,0.8,1501.03
1753,135.0,0.8,1501.03
1754,135.0,0.8,1501.03
1755,135.0,0.8,1501.03
1756,136.0,0.8,1501.03
1757,136.0,0.8,1501.03
1758,137.0,0.8,1501.03
1759,137.0,0.8,1501.03
1760,139.0,0.8,1501.03
1761,140.0,0.8,1501.03
1762,142.0,0.8,1501.03
1763,142.0,0.8,1501.03
1764,146.0,0.8,1501.03
1765,147.0,0.8,1501.03
1766,149.0,0.8,1501.03
1767,150.0,0.8,1501.03
1768,151.0,0.8,1501.03
1769,152.0,0.8,1501.03
1770,153.0,0.8,1501.03
1771,153.0,0.8,1501.03
1772,152.0,0.8,1501.03
1773,150.0,0.8,1501.03
1774,149.0,0.8,1501.03
1775,148.0,0.8,1501.03
1776,147.0,0.8,1501.03
1777,145.0,0.8,1501.03
1778,143.0,0.8,1501.03
1779,142.0,0.8,1501.03
1780,142.0,0.8,1501.03
1781,140.0,0.8,1501.03
1782,139.0,0.8,1501.03
1783,138.0,0.8,1501.03
1784,137.0,0.8,1501.03
1785,136.0,0.8,1501.03
1786,136.0,0.8,1501.03
1787,135.0,0.8,1501.03
1788,135.0,0.8,1501.03
1789,135.0,0.8,1501.03
1790,135.0,0.8,1501.03
1791,135.0,0.8,1501.03
1792,135.0,0.8,1501.03
1793,135.0,0.8,1501.03
1794,134.0,0.8,1501.03
1795,134.0,0.8,1501.03
1796,134.0,0.8,1501.03
1797,134.0,0.8,1501.03
1798,135.0,0.8,1501.03
1799,135.0,0.8,1501.03
1800,135.0,0.8,1501.03
1801,134.0,0.8,1501.03
1802,132.0,0.8,1501.03
1803,131.0,0.8,1501.03
1804,130.0,0.8,1501.03
1805,129.0,0.8,1501.03
1806,129.0,0.8,1501.03
1807,128.0,0.8,1501.03
1808,127.0,0.8,1501.03
1809,125.0,0.8,1501.03
1810,124.0,0.8,1501.03
1811,124.0,0.8,1501.03
1812,122.0,0.8,1501.03
1813,121.0,0.8,1501.03
1814,121.0,0.8,1501.03
1815,121.0,0.8,1501.03
1816,124.0,0.8,1501.03
1817,125.0,0.8,1501.03
1818,125.0,0.8,1501.03
1819,125.0,0.8,1501.03
1820,126.0,0.8,1501.03
1821,128.0,0.8,1501.03
1822,131.0,0.8,1501.03
1823,137.0,0.8,1501.03
1824,139.0,0.8,1501.03
1825,141.0,0.8,1501.03
1826,144.0,0.8,1501.03
1827,145.0,0.8,1501.03
1828,146.0,0.8,1501.03
1829,147.0,0.8,1501.03
1830,146.0,0.8,1501.03
1831,146.0,0.8,1501.03
1832,145.0,0.8,1501.03
1833,144.0,0.8,1501.03
1834,143.0,0.8,1501.03
1835,143.0,0.8,1501.03
1836,142.0,0.8,1501.03
1837,142.0,0.8,1501.03
1838,143.0,0.8,1501.03
1839,142.0,0.8,1501.03
1840,142.0,0.8,1501.03
1841,141.0,0.8,1501.03
1842,141.0,0.7,1508.66
1843,140.0,1.0,1510.16
1844,139.0,1.1,1510.16
1845,138.0,1.1,1510.16
1846,137.0,0.8,1512.26
1847,137.0,1.2,1514.15
1848,135.0,3.1,1518.3
1849,134.0,2.9,1519.73
1850,133.0,2.9,1519.73
1851,132.0,2.0,1521.15
1852,132.0,2.0,1521.15
1853,132.0,1.8,1522.19
1854,132.0,1.8,1522.19
1855,131.0,1.5,1523.56
1856,131.0,1.2,1523.56
1857,130.0,1.2,1523.56
1858,129.0,1.2,1523.56
1859,129.0,1.0,1524.1
1860,129.0,0.7,1525.25
1861,129.0,0.7,1525.25
1862,129.0,0.7,1525.25
1863,129.0,1.3,1526.98
1864,128.0,1.7,1526.98
1865,128.0,1.7,1526.98
1866,128.0,1.7,1526.98
1867,128.0,1.7,1526.98
1868,127.0,1.7,1526.98
1869,127.0,1.7,1526.98
1870,125.0,1.7,1526.98
1871,124.0,1.7,1526.98
1872,124.0,1.7,1526.98
1873,123.0,1.7,1526.98
1874,122.0,1.7,1526.98
1875,121.0,1.7,1526.98
1876,120.0,1.7,1526.98
1877,120.0,1.7,1526.98
1878,120.0,1.7,1526.98
1879,120.0,1.7,1526.98
1880,120.0,1.7,1526.98
1881,120.0,1.7,1526.98
1882,126.0,1.7,1526.98
1883,132.0,1.7,1526.98
1884,133.0,1.7,1526.98
1885,136.0,1.7,1526.98
1886,138.0,1.7,1526.98
1887,139.0,1.7,1526.98
1888,140.0,1.7,1526.98
1889,141.0,1.7,1526.98
1890,140.0,1.7,1526.98
1891,140.0,1.7,1526.98
1892,139.0,1.7,1526.98
1893,138.0,1.7,1526.98
1894,137.0,1.7,1526.98
1895,137.0,1.7,1526.98
1896,136.0,1.7,1526.98
1897,136.0,1.7,1526.98
1898,135.0,1.7,1526.98
1899,135.0,1.7,1526.98
1900,134.0,1.7,1526.98
1901,134.0,1.7,1526.98
1902,133.0,1.7,1526.98
1903,133.0,1.7,1526.98
1904,133.0,1.7,1526.98
1905,133.0,1.7,1526.98
1906,133.0,1.7,1526.98
1907,132.0,1.7,1526.98
1908,132.0,1.7,1526.98
1909,132.0,1.7,1526.98
1910,132.0,1.7,1526.98
1911,134.0,1.7,1526.98
1912,135.0,1.7,1526.98
1913,138.0,1.7,1526.98
1914,139.0,1.7,1526.98
1915,142.0,1.7,1526.98
1916,144.0,1.7,1526.98
1917,146.0,1.7,1526.98
1918,146.0,1.7,1526.98
1919,148.0,1.7,1526.98
1920,149.0,1.7,1526.98
1921,151.0,1.7,1526.98
1922,151.0,1.7,1526.98
1923,152.0,1.7,1526.98
1924,151.0,1.7,1526.98
1925,150.0,1.7,1526.98
1926,149.0,1.7,1526.98
1927,148.0,1.7,1526.98
1928,146.0,1.7,1526.98
1929,145.0,1.7,1526.98
1930,143.0,1.7,1526.98
1931,142.0,1.7,1526.98
1932,141.0,1.7,1526.98
1933,139.0,1.7,1526.98
1934,137.0,1.7,1526.98
1935,136.0,1.7,1526.98
1936,135.0,1.7,1526.98
1937,134.0,1.7,1526.98
1938,133.0,1.7,1526.98
1939,132.0,1.7,1526.98
1940,132.0,1.7,1526.98
1941,132.0,1.7,1526.98
1942,129.0,1.7,1526.98
1943,128.0,1.7,1526.98
1944,128.0,1.7,1526.98
1945,128.0,1.7,1526.98
1946,127.0,1.7,1526.98
1947,126.0,1.7,1526.98
1948,126.0,1.7,1526.98
1949,126.0,1.7,1526.98
1950,126.0,1.7,1526.98
1951,126.0,1.7,1526.98
1952,126.0,1.7,1526.98
1953,127.0,1.7,1526.98
1954,127.0,1.7,1526.98
1955,127.0,1.7,1526.98
1956,134.0,1.7,1526.98
1957,137.0,1.7,1526.98
1958,139.0,1.7,1526.98
1959,139.0,1.7,1526.98
1960,142.0,1.7,1526.98
1961,144.0,1.7,1526.98
1962,146.0,1.7,1526.98
1963,148.0,1.7,1526.98
1964,149.0,1.7,1526.98
1965,149.0,1.7,1526.98
1966,149.0,1.7,1526.98
1967,149.0,1.7,1526.98
1968,149.0,1.7,1526.98
1969,147.0,1.7,1526.98
1970,147.0,1.7,1526.98
1971,146.0,1.7,1526.98
1972,145.0,1.7,1526.98
1973,145.0,1.7,1526.98
1974,144.0,1.7,1526.98
1975,142.0,1.7,1526.98
1976,141.0,1.7,1526.98
1977,140.0,1.7,1526.98
1978,140.0,1.7,1526.98
1979,140.0,1.7,1526.98
1980,140.0,1.7,1526.98
1981,141.0,1.7,1526.98
1982,141.0,1.7,1526.98
1983,140.0,1.7,1526.98
1984,141.0,1.7,1526.98
1985,141.0,1.7,1526.98
1986,141.0,1.7,1526.98
1987,141.0,1.7,1526.98
1988,141.0,1.7,1526.98
1989,141.0,1.7,1526.98
1990,143.0,1.7,1526.98
1991,147.0,1.7,1526.98
1992,152.0,1.7,1526.98
1993,153.0,1.7,1526.98
1994,154.0,1.7,1526.98
1995,154.0,1.7,1526.98
1996,155.0,1.7,1526.98
1997,155.0,1.7,1526.98
1998,154.0,1.7,1526.98
1999,154.0,1.7,1526.98
2000,152.0,1.7,1526.98
2001,151.0,1.7,1526.98
2002,151.0,1.7,1526.98
2003,149.0,1.7,1526.98
2004,149.0,1.7,1526.98
2005,148.0,1.7,1526.98
2006,148.0,1.7,1526.98
2007,147.0,1.7,1526.98
2008,147.0,1.7,1526.98
2009,147.0,1.7,1526.98
2010,146.0,1.7,1526.98
2011,146.0,1.4,1529.35
2012,146.0,1.7,1530.81
2013,145.0,1.7,1530.81
2014,144.0,1.7,1530.81
2015,143.0,1.7,1530.81
2016,142.0,2.0,1532.34
2017,142.0,2.0,1532.34
2018,140.0,1.5,1534.05
2019,139.0,1.5,1534.05
2020,138.0,1.5,1534.05
2021,137.0,1.7,1535.43
2022,136.0,1.7,1535.43
2023,136.0,1.7,1535.43
2024,136.0,1.7,1535.43
2025,136.0,1.7,1535.43
2026,136.0,1.2,1537.08
2027,136.0,1.2,1537.08
2028,136.0,0.9,1538.12
2029,136.0,0.9,1538.12
2030,136.0,0.8,1539.24
2031,136.0,0.7,1540.48
2032,136.0,0.7,1540.48
2033,134.0,1.6,1542.36
2034,133.0,1.6,1542.36
2035,132.0,1.6,1543.92
2036,130.0,1.6,1543.92
2037,129.0,1.8,1545.67
2038,127.0,1.8,1545.67
2039,125.0,1.4,1547.25
2040,124.0,1.1,1547.25
2041,123.0,1.1,1547.25
2042,122.0,1.5,1550.76
2043,121.0,1.7,1552.42
2044,120.0,1.7,1552.42
2045,120.0,1.7,1552.42
2046,119.0,1.7,1552.42
2047,119.0,1.7,1552.42
2048,119.0,1.7,1552.42
2049,119.0,1.7,1552.42
2050,118.0,1.7,1552.42
2051,118.0,1.7,1552.42
2052,118.0,1.7,1552.42
2053,119.0,1.7,1552.42
2054,119.0,1.7,1552.42
2055,118.0,1.7,1552.42
2056,118.0,1.2,1553.71
2057,118.0,0.7,1555.26
2058,118.0,0.5,1557.64
2059,118.0,0.5,1557.64
2060,118.0,0.4,1559.24
2061,119.0,0.3,1559.24
2062,119.0,0.3,1559.24
2063,121.0,2.2,1564.74
2064,125.0,4.8,1573.05
2065,126.0,6.4,1573.05
2066,131.0,8.3,1580.27
2067,133.0,10.3,1588.25
2068,133.0,11.7,1588.25
2069,138.0,13.9,1598.96
2070,141.0,16.2,1601.53
2071,144.0,17.7,1601.53
2072,146.0,16.7,1625.57
2073,150.0,16.1,1625.57
2074,152.0,15.0,1636.22
2075,154.0,11.4,1639.0
2076,157.0,9.0,1639.0
2077,160.0,9.0,1639.0
2078,162.0,7.3,1646.53
2079,163.0,9.8,1653.82
2080,164.0,11.4,1653.82
2081,165.0,12.4,1663.53
2082,165.0,12.3,1664.6
2083,165.0,12.2,1664.6
2084,164.0,9.3,1670.11
2085,164.0,7.2,1672.26
2086,163.0,5.7,1674.11
2087,162.0,4.6,1675.85
2088,161.0,4.4,1678.27
2089,159.0,4.4,1678.27
2090,159.0,4.2,1680.03
2091,158.0,4.5,1681.65
2092,157.0,5.0,1683.35
2093,156.0,5.0,1683.35
2094,154.0,4.5,1685.18
2095,154.0,4.0,1686.68
2096,152.0,3.9,1688.47
2097,151.0,3.8,1688.47
2098,150.0,3.6,1695.83
2099,150.0,3.1,1697.32
2100,149.0,3.1,1697.32
2101,147.0,2.6,1699.45
2102,146.0,2.4,1700.89
2103,146.0,2.4,1700.89
2104,144.0,2.7,1703.42
2105,144.0,2.9,1703.42
2106,143.0,2.6,1706.14
2107,143.0,2.3,1706.14
2108,142.0,1.9,1706.94
2109,141.0,1.5,1706.94
2110,140.0,1.3,1708.75
2111,140.0,1.3,1708.75
2112,139.0,1.0,1710.68
2113,139.0,0.9,1710.68
2114,139.0,2.3,1718.22
2115,140.0,5.0,1725.63
2116,142.0,5.5,1728.93
2117,144.0,5.5,1732.47
2118,146.0,6.1,1733.85
2119,148.0,6.1,1733.85
2120,150.0,6.5,1743.21
2121,152.0,6.8,1743.21
2122,154.0,8.6,1751.54
2123,156.0,7.3,1752.66
2124,157.0,6.4,1752.66
2125,158.0,5.8,1757.61
2126,160.0,6.5,1765.05
2127,161.0,7.0,1765.05
2128,163.0,8.2,1771.25
2129,164.0,6.9,1773.85
2130,165.0,5.9,1773.85
2131,167.0,4.1,1779.18
2132,170.0,3.5,1781.22
2133,171.0,3.2,1781.22
2134,172.0,2.4,1784.12
2135,172.0,2.4,1784.12
2136,172.0,3.1,1787.4
2137,172.0,3.5,1787.4
2138,172.0,3.5,1787.4
2139,171.0,2.6,1790.9
2140,170.0,2.0,1790.9
2141,169.0,1.7,1793.4
2142,167.0,1.8,1795.43
2143,167.0,1.8,1795.43
2144,165.0,1.8,1797.4
2145,165.0,1.8,1797.4
2146,163.0,2.3,1799.28
2147,162.0,2.7,1799.28
2148,161.0,2.7,1799.28
2149,160.0,2.7,1799.28
2150,160.0,2.0,1802.65
2151,159.0,1.8,1804.08
2152,158.0,1.6,1804.08
2153,158.0,1.4,1806.65
2154,158.0,1.2,1806.65
2155,158.0,1.2,1806.65
2156,158.0,0.9,1808.65
2157,159.0,0.9,1808.65
2158,159.0,0.7,1810.42
2159,159.0,0.6,1811.47
2160,159.0,0.6,1811.47
2161,160.0,0.7,1813.11
2162,160.0,0.7,1813.11
2163,160.0,0.7,1813.11
2164,159.0,0.5,1814.64
2165,158.0,0.5,1814.64
2166,158.0,1.0,1815.87
2167,157.0,1.3,1815.87
2168,157.0,5.2,1823.77
2169,157.0,4.9,1826.96
2170,158.0,4.8,1826.96
2171,158.0,4.5,1831.05
2172,158.0,4.5,1831.05
2173,158.0,4.7,1834.89
2174,157.0,4.7,1836.32
2175,158.0,4.7,1836.32
2176,158.0,6.7,1842.69
2177,159.0,9.8,1851.69
2178,159.0,11.8,1851.69
2179,160.0,11.8,1851.69
2180,161.0,9.7,1855.77
2181,162.0,16.9,1873.31
2182,163.0,21.7,1873.31
2183,165.0,15.2,1879.26
2184,166.0,15.2,1879.26
2185,167.0,11.3,1882.7
2186,169.0,8.0,1884.6
2187,170.0,5.8,1884.6
2188,171.0,7.8,1893.21
2189,173.0,8.1,1900.25
2190,173.0,7.5,1901.31
2191,174.0,7.1,1901.31
2192,175.0,5.7,1905.28
2193,175.0,5.7,1905.28
2194,175.0,5.7,1905.28
2195,174.0,6.0,1906.99
2196,174.0,6.2,1906.99
2197,173.0,4.8,1909.57
2198,173.0,3.8,1911.12
2199,172.0,3.8,1911.12
2200,170.0,2.7,1912.72
2201,169.0,2.7,1912.72
2202,169.0,2.8,1914.98
2203,168.0,2.8,1914.98
2204,167.0,2.0,1918.63
2205,166.0,2.0,1918.63
2206,165.0,2.0,1918.63
2207,164.0,1.4,1920.01
2208,162.0,1.1,1921.31
2209,162.0,1.1,1921.31
2210,161.0,3.4,1924.87
2211,160.0,4.6,1926.78
2212,160.0,3.4,1929.44
2213,160.0,2.5,1929.44
2214,159.0,1.9,1932.39
2215,159.0,1.9,1932.39
2216,158.0,1.9,1934.02
2217,158.0,1.4,1935.53
2218,157.0,1.9,1937.69
2219,157.0,2.2,1937.69
2220,156.0,2.5,1938.83
2221,157.0,2.8,1938.83
2222,157.0,2.9,1939.87
2223,156.0,6.0,1941.51
2224,156.0,8.0,1941.51
2225,157.0,10.7,1949.87
2226,158.0,12.5,1949.87
2227,159.0,12.7,1956.05
2228,160.0,11.9,1960.0
2229,160.0,11.4,1960.0
2230,161.0,9.7,1964.52
2231,163.0,9.7,1964.52
2232,163.0,11.3,1972.14
2233,164.0,12.3,1972.14
2234,165.0,11.8,1981.81
2235,167.0,13.4,1991.31
2236,168.0,14.4,1991.31
2237,170.0,13.6,1998.45
2238,170.0,13.3,2003.8
2239,172.0,13.1,2003.8
2240,172.0,9.6,2013.43
2241,174.0,9.6,2013.43
2242,175.0,8.3,2016.0
2243,176.0,8.3,2016.0
2244,176.0,7.0,2017.48
2245,176.0,5.5,2018.54
2246,177.0,4.4,2018.54
2247,177.0,3.6,2023.92
2248,177.0,2.8,2024.98
2249,175.0,2.0,2027.29
2250,174.0,2.2,2029.42
2251,174.0,2.2,2029.42
2252,173.0,1.8,2031.23
2253,172.0,1.8,2031.23
2254,171.0,2.0,2032.64
2255,170.0,2.1,2032.64
2256,169.0,2.1,2032.64
2257,168.0,2.1,2032.64
2258,167.0,2.9,2035.59
2259,166.0,3.5,2035.59
2260,165.0,3.5,2035.59
2261,164.0,3.5,2035.59
2262,164.0,2.5,2039.38
2263,164.0,2.5,2039.38
2264,163.0,2.5,2039.38
2265,163.0,2.5,2039.38
2266,163.0,2.5,2039.38
2267,163.0,2.5,2039.38
2268,163.0,2.9,2041.06
2269,163.0,2.9,2041.06
2270,163.0,2.9,2043.63
2271,163.0,2.9,2043.63
2272,163.0,2.2,2044.95
2273,162.0,2.3,2046.86
2274,162.0,2.3,2046.86
2275,162.0,2.3,2046.86
2276,163.0,3.1,2048.39
2277,163.0,5.6,2055.67
2278,163.0,7.3,2055.67
2279,164.0,7.7,2061.58
2280,164.0,8.0,2061.58
2281,164.0,8.5,2069.35
2282,164.0,6.4,2075.18
2283,165.0,4.9,2075.18
2284,166.0,5.9,2083.27
2285,167.0,6.6,2083.27
2286,168.0,5.5,2087.36
2287,169.0,4.5,2090.22
2288,170.0,5.9,2096.33
2289,171.0,6.9,2096.33
2290,173.0,8.6,2106.85
2291,175.0,7.6,2109.79
2292,176.0,7.6,2109.79
2293,176.0,6.5,2110.8
2294,177.0,4.9,2112.63
2295,177.0,4.9,2112.63
2296,177.0,4.9,2112.63
2297,177.0,4.9,2112.63
2298,176.0,4.9,2112.63
2299,176.0,4.1,2114.8
2300,176.0,4.1,2114.8
2301,175.0,4.0,2116.05
2302,174.0,3.9,2116.05
2303,173.0,3.6,2118.81
2304,172.0,3.6,2118.81
2305,171.0,3.1,2120.62
2306,170.0,3.5,2122.46
2307,170.0,3.7,2122.46
2308,169.0,3.7,2122.46
2309,168.0,3.0,2123.44
2310,168.0,3.3,2124.88
2311,167.0,3.3,2125.93
2312,167.0,3.3,2125.93
2313,166.0,3.3,2125.93
2314,166.0,3.3,2125.93
2315,165.0,3.3,2128.4
2316,165.0,3.3,2128.4
2317,165.0,3.3,2128.4
2318,164.0,2.4,2129.91
2319,163.0,1.7,2131.57
2320,163.0,1.7,2131.57
2321,162.0,1.3,2132.67
2322,161.0,1.3,2132.67
2323,161.0,3.6,2137.45
2324,162.0,5.1,2137.45
2325,162.0,7.6,2146.74
2326,163.0,9.3,2146.74
2327,164.0,6.4,2149.21
2328,164.0,6.4,2149.21
2329,165.0,4.5,2153.67
2330,165.0,3.2,2153.67
2331,166.0,5.2,2160.28
2332,167.0,7.5,2163.71
2333,169.0,7.0,2165.73
2334,170.0,6.5,2169.09
2335,171.0,6.1,2172.06
2336,171.0,5.8,2176.0
2337,173.0,5.3,2179.18
2338,174.0,6.8,2185.15
2339,174.0,7.7,2187.75
2340,175.0,8.1,2189.79
2341,176.0,8.2,2193.09
2342,176.0,7.8,2195.67
2343,177.0,7.5,2198.76
2344,177.0,6.9,2200.08
2345,176.0,6.5,2200.08
2346,176.0,6.4,2205.74
2347,175.0,5.5,2210.39
2348,175.0,4.9,2210.39
2349,174.0,4.9,2210.39
2350,174.0,3.9,2215.02
2351,173.0,3.9,2215.02
2352,172.0,3.1,2216.31
2353,172.0,2.9,2217.69
2354,171.0,2.7,2217.69
2355,171.0,2.7,2217.69
2356,170.0,2.9,2221.83
2357,169.0,3.0,2223.87
2358,169.0,3.1,2223.87
2359,168.0,3.4,2227.26
2360,167.0,3.4,2231.31
2361,166.0,3.8,2233.4
2362,166.0,3.8,2233.4
2363,165.0,2.9,2234.68
2364,165.0,2.4,2234.68
2365,164.0,2.7,2237.56
2366,164.0,2.7,2237.56
2367,164.0,2.7,2237.56
2368,164.0,2.7,2237.56
2369,164.0,4.1,2240.1
2370,164.0,4.4,2241.75
2371,164.0,4.4,2241.75
2372,163.0,4.4,2241.75
2373,163.0,5.3,2246.2
2374,162.0,5.8,2250.63
2375,162.0,5.7,2253.06
2376,163.0,5.7,2253.06
2377,163.0,5.6,2260.48
2378,163.0,5.6,2260.48
2379,163.0,4.7,2263.95
2380,164.0,4.1,2263.95
2381,165.0,5.9,2272.5
2382,166.0,9.4,2278.69
2383,167.0,11.8,2278.69
2384,168.0,13.0,2283.05
2385,169.0,13.9,2283.05
2386,170.0,12.2,2290.85
2387,171.0,11.0,2290.85
2388,172.0,10.4,2298.3
2389,174.0,10.0,2298.3
2390,174.0,9.4,2304.73
2391,175.0,9.4,2304.73
2392,176.0,7.2,2306.44
2393,177.0,5.7,2306.44
2394,178.0,5.7,2306.44
2395,178.0,5.7,2306.44
2396,178.0,4.8,2309.53
2397,179.0,4.8,2309.53
2398,178.0,4.8,2309.53
2399,178.0,4.8,2309.53
2400,177.0,4.8,2309.53
2401,177.0,4.8,2309.53
2402,176.0,4.8,2309.53
2403,175.0,4.0,2310.56
2404,175.0,3.5,2310.56
2405,174.0,3.5,2310.56
2406,173.0,2.9,2312.44
2407,173.0,2.9,2312.44
2408,172.0,2.7,2313.85
2409,170.0,2.7,2313.85
2410,169.0,2.7,2313.85
2411,168.0,2.7,2316.04
2412,167.0,2.7,2316.04
2413,167.0,2.7,2316.04
2414,166.0,2.2,2318.01
2415,165.0,2.5,2319.59
2416,165.0,2.5,2319.59
2417,165.0,2.5,2319.59
2418,165.0,2.5,2319.59
2419,165.0,2.5,2319.59
2420,164.0,2.5,2319.59
2421,164.0,1.8,2321.2
2422,163.0,1.8,2321.2
2423,163.0,1.9,2322.29
2424,163.0,2.7,2323.55
2425,164.0,3.2,2323.55
2426,165.0,4.0,2327.36
2427,165.0,4.6,2327.36
2428,166.0,5.3,2331.53
2429,166.0,8.9,2335.52
2430,167.0,7.6,2339.71
2431,167.0,7.0,2344.69
2432,168.0,6.6,2344.69
2433,169.0,5.9,2349.13
2434,170.0,5.4,2349.13
2435,171.0,7.2,2358.33
2436,172.0,8.3,2358.33
2437,173.0,8.3,2365.0
2438,174.0,8.3,2365.0
2439,175.0,6.2,2366.6
2440,176.0,5.1,2368.38
2441,176.0,5.1,2368.38
2442,176.0,4.1,2372.17
2443,176.0,3.3,2373.25
2444,176.0,2.8,2373.25
2445,176.0,2.8,2375.97
2446,176.0,2.7,2377.12
2447,175.0,2.1,2378.17
2448,175.0,2.1,2378.17
2449,174.0,3.3,2381.41
2450,173.0,3.3,2381.41
2451,173.0,3.3,2383.03
2452,171.0,3.3,2383.03
2453,170.0,4.6,2387.74
2454,169.0,4.6,2387.74
2455,168.0,4.9,2388.75
2456,167.0,5.1,2390.23
2457,167.0,5.1,2390.23
2458,166.0,3.8,2392.85
2459,166.0,3.0,2392.85
2460,165.0,2.6,2393.68
2461,165.0,2.7,2396.46
2462,165.0,2.7,2396.46
2463,166.0,3.2,2398.66
2464,166.0,3.2,2398.66
2465,166.0,3.1,2399.75
2466,166.0,3.1,2399.75
2467,166.0,2.8,2400.79
2468,165.0,2.8,2400.79
2469,165.0,2.8,2400.79
2470,165.0,2.5,2402.62
2471,165.0,2.5,2402.62
2472,164.0,2.1,2404.0
2473,163.0,2.1,2404.0
2474,162.0,2.1,2404.0
2475,161.0,2.2,2405.42
2476,159.0,2.8,2406.64
2477,157.0,2.0,2408.13
2478,156.0,1.5,2408.13
2479,154.0,1.5,2408.13
2480,154.0,2.4,2411.64
2481,154.0,2.4,2411.64
2482,154.0,2.2,2414.88
2483,154.0,2.0,2416.31
2484,154.0,1.8,2416.31
2485,154.0,1.6,2417.98
2486,152.0,1.6,2417.98
2487,151.0,1.8,2419.82
2488,151.0,2.0,2419.82
2489,151.0,3.1,2424.09
2490,152.0,3.8,2424.09
2491,152.0,3.7,2427.74
2492,153.0,3.2,2430.41
2493,154.0,2.9,2431.73
2494,155.0,2.7,2431.73
2495,157.0,3.6,2433.77
2496,158.0,3.6,2433.77
2497,159.0,2.7,2435.03
2498,161.0,2.7,2435.03
2499,163.0,2.7,2435.03
2500,164.0,2.3,2436.36
2501,165.0,2.1,2436.36
2502,166.0,2.1,2436.36
2503,168.0,2.5,2439.7
2504,170.0,2.5,2439.7
2505,171.0,2.8,2442.47
2506,172.0,2.8,2443.87
2507,173.0,2.8,2443.87
2508,173.0,2.8,2443.87
2509,174.0,2.8,2443.87
2510,174.0,2.8,2443.87
2511,174.0,2.8,2443.87
2512,174.0,2.0,2446.51
2513,174.0,1.5,2446.51
2514,174.0,1.5,2446.51
2515,173.0,1.1,2447.91
2516,172.0,1.1,2447.91
2517,171.0,1.1,2447.91
2518,170.0,1.1,2447.91
2519,170.0,0.9,2449.34
2520,169.0,0.9,2449.34
2521,168.0,3.1,2453.55
2522,168.0,4.3,2456.83
2523,168.0,5.1,2456.83
2524,169.0,7.5,2465.16
2525,169.0,9.3,2470.57
2526,170.0,10.6,2470.57
2527,170.0,7.7,2477.2
2528,170.0,5.8,2477.2
2529,171.0,7.9,2488.93
2530,171.0,9.3,2488.93
2531,172.0,8.5,2494.72
2532,173.0,8.5,2494.72
2533,174.0,7.3,2496.33
2534,174.0,6.5,2496.33
2535,175.0,7.0,2500.36
2536,176.0,6.0,2510.21
2537,177.0,5.4,2510.21
2538,177.0,6.6,2516.81
2539,178.0,9.0,2520.81
2540,178.0,12.8,2527.69
2541,178.0,13.5,2534.87
2542,178.0,14.0,2534.87
2543,178.0,7.5,2548.11
2544,177.0,7.5,2548.11
2545,177.0,5.3,2549.72
2546,177.0,4.4,2552.16
2547,176.0,3.9,2552.16
2548,175.0,3.4,2554.55
2549,174.0,3.1,2554.55
2550,174.0,3.0,2558.52
2551,173.0,2.9,2558.52
2552,173.0,2.9,2558.52
2553,171.0,3.0,2559.61
2554,171.0,3.1,2560.68
2555,170.0,3.1,2561.83
2556,169.0,3.0,2563.42
2557,168.0,3.0,2563.42
2558,168.0,3.3,2567.61
2559,167.0,2.9,2569.57
2560,166.0,2.9,2569.57
2561,166.0,2.2,2571.41
2562,166.0,2.2,2571.41
2563,165.0,2.3,2573.04
2564,164.0,2.3,2573.04
2565,164.0,2.0,2573.84
2566,163.0,2.0,2573.84
2567,162.0,2.1,2575.74
2568,162.0,2.2,2575.74
2569,161.0,2.9,2577.89
2570,161.0,2.9,2577.89
2571,160.0,2.9,2577.89
2572,160.0,2.9,2577.89
2573,159.0,2.6,2578.97
2574,158.0,2.6,2578.97
2575,158.0,2.7,2580.5
2576,157.0,2.7,2580.5
2577,156.0,2.7,2580.5
2578,155.0,2.6,2581.66
2579,155.0,2.6,2581.66
2580,154.0,3.0,2583.38
2581,154.0,3.4,2584.84
2582,153.0,3.4,2584.84
2583,152.0,3.4,2584.84
2584,151.0,2.6,2586.0
2585,151.0,2.6,2586.0
2586,150.0,2.6,2586.0
2587,149.0,2.6,2586.0
2588,149.0,2.0,2587.11
2589,148.0,1.7,2588.21
2590,148.0,1.7,2588.21
2591,147.0,1.3,2589.96
2592,146.0,1.3,2589.96
2593,146.0,1.0,2592.0
2594,146.0,1.0,2592.0
2595,146.0,1.0,2592.0
2596,146.0,0.9,2593.54
2597,146.0,0.9,2594.89
2598,145.0,0.9,2594.89
2599,145.0,0.6,2596.81
2600,145.0,0.5,2597.88
2601,145.0,0.5,2597.88
2602,145.0,0.8,2599.67
2603,144.0,0.8,2599.67
2604,144.0,0.7,2600.88
2605,142.0,0.7,2600.88
2606,141.0,0.8,2602.18
2607,141.0,0.9,2602.18
2608,139.0,0.9,2602.18
2609,139.0,1.0,2604.58
2610,138.0,1.0,2604.58
2611,137.0,1.3,2606.14
2612,136.0,1.3,2606.14
2613,136.0,1.3,2606.14
2614,135.0,1.0,2607.26
2615,135.0,0.9,2607.26
2616,135.0,0.9,2607.26
2617,134.0,0.6,2608.68
2618,134.0,0.5,2608.68
2619,135.0,0.5,2608.68
2620,135.0,0.5,2611.46
2621,135.0,0.5,2611.46
2622,134.0,0.4,2613.11
2623,134.0,0.4,2613.11
2624,133.0,0.4,2613.11
2625,133.0,0.4,2613.11
2626,133.0,0.4,2613.11
2627,133.0,0.7,2614.68
2628,131.0,0.7,2614.68
2629,130.0,0.6,2615.99
2630,129.0,0.6,2615.99
2631,129.0,0.9,2618.15
2632,129.0,2.2,2621.43
2633,129.0,1.9,2623.44
2634,130.0,1.9,2623.44
2635,129.0,1.4,2624.63
2636,129.0,1.4,2624.63
2637,128.0,1.4,2624.63
2638,127.0,1.4,2624.63
2639,126.0,1.0,2625.82
2640,125.0,1.0,2625.82
2641,125.0,1.0,2625.82
2642,124.0,0.9,2626.99
2643,124.0,0.9,2626.99
2644,124.0,0.9,2626.99
2645,123.0,0.9,2628.34
2646,123.0,0.9,2628.34
2647,123.0,0.9,2628.34
2648,123.0,0.9,2628.34
2649,123.0,0.9,2628.34
2650,124.0,0.9,2628.34
2651,124.0,1.6,2630.81
2652,124.0,2.0,2630.81
2653,124.0,2.0,2630.81
2654,123.0,2.0,2630.81
2655,123.0,2.0,2630.81
2656,122.0,1.4,2633.57
2657,122.0,1.4,2633.57
2658,121.0,1.4,2633.57
2659,120.0,0.9,2635.12
2660,119.0,0.9,2635.12
2661,119.0,0.9,2635.12
2662,118.0,0.9,2635.12
2663,117.0,0.9,2636.24
2664,117.0,0.9,2636.24
2665,117.0,0.9,2636.24
2666,117.0,0.9,2636.24
2667,117.0,0.9,2636.24
2668,118.0,0.7,2637.3
2669,119.0,0.7,2637.3
2670,120.0,0.8,2639.69
2671,121.0,0.8,2639.69
2672,121.0,0.8,2639.69
2673,121.0,0.7,2640.77
2674,122.0,0.7,2640.77
2675,122.0,0.7,2640.77
2676,121.0,0.7,2640.77
2677,121.0,0.7,2640.77
2678,120.0,1.5,2643.43
2679,119.0,2.0,2643.43
2680,119.0,1.5,2646.2
2681,118.0,1.5,2646.2
2682,117.0,1.5,2646.2
2683,117.0,1.5,2646.2
2684,116.0,1.0,2647.62
2685,115.0,1.0,2647.62
2686,114.0,1.0,2647.62
2687,113.0,1.0,2647.62
2688,113.0,1.0,2647.62
2689,113.0,1.0,2647.62
2690,113.0,1.0,2647.62
2691,112.0,1.0,2647.62
2692,112.0,1.0,2647.62
2693,112.0,1.0,2647.62
2694,112.0,1.0,2647.62
2695,112.0,1.0,2647.62
2696,111.0,1.0,2647.62
2697,110.0,1.0,2647.62
2698,109.0,1.0,2647.62
2699,109.0,1.0,2647.62
2700,109.0,1.0,2647.62
2701,109.0,1.0,2647.62
2702,108.0,1.0,2647.62
2703,108.0,1.0,2647.62
2704,107.0,1.0,2647.62
2705,107.0,1.0,2647.62
2706,107.0,1.0,2647.62
2707,107.0,1.0,2647.62
2708,106.0,0.9,2648.87
2709,106.0,1.6,2651.08
2710,106.0,1.6,2651.08
2711,107.0,1.3,2652.47
2712,109.0,1.0,2653.51
2713,109.0,1.0,2653.51
2714,110.0,1.0,2653.51
2715,110.0,0.9,2654.76
2716,111.0,0.9,2654.76
2717,111.0,0.9,2654.76
2718,112.0,0.9,2654.76
2719,112.0,0.9,2654.76
2720,112.0,1.1,2656.76
2721,113.0,1.1,2656.76
2722,113.0,1.1,2656.76
2723,114.0,1.2,2658.3
2724,114.0,1.2,2658.3
2725,115.0,0.9,2659.34
2726,115.0,0.9,2660.7
2727,114.0,0.9,2660.7
2728,114.0,0.9,2660.7
2729,114.0,0.9,2660.7
2730,113.0,0.9,2660.7
2731,112.0,0.8,2662.62
2732,112.0,0.8,2662.62
2733,112.0,1.0,2665.24
2734,113.0,0.9,2666.37
2735,113.0,0.8,2666.37
2736,115.0,0.8,2667.6
2737,116.0,0.8,2667.6
2738,116.0,0.9,2669.05
2739,116.0,0.9,2669.05
2740,115.0,0.6,2670.53
2741,115.0,0.6,2670.53
2742,114.0,0.6,2670.53
2743,112.0,0.6,2670.53
2744,111.0,0.5,2672.02
2745,111.0,0.5,2672.02
2746,111.0,0.4,2673.18
2747,111.0,0.4,2673.18
2748,112.0,0.3,2674.51
2749,112.0,0.3,2674.51
2750,113.0,0.9,2675.64
2751,115.0,1.3,2675.64
2752,115.0,1.3,2675.64
2753,115.0,1.3,2675.64
2754,117.0,1.3,2675.64
2755,117.0,0.9,2676.52
2756,117.0,2.2,2680.07
2757,117.0,1.6,2682.24
2758,116.0,1.6,2682.24
2759,116.0,1.6,2682.24
2760,116.0,1.1,2683.26
2761,117.0,1.1,2683.26
2762,117.0,1.1,2683.26
2763,117.0,1.1,2683.26
2764,116.0,1.1,2683.26
2765,116.0,0.9,2684.38
2766,115.0,0.9,2684.38
2767,114.0,0.8,2685.51
2768,114.0,0.8,2685.51
2769,113.0,0.8,2685.51
2770,113.0,0.8,2685.51
2771,112.0,0.6,2687.53
2772,113.0,0.6,2687.53
2773,114.0,0.5,2689.32
2774,117.0,0.5,2689.32
2775,119.0,0.4,2690.65
2776,120.0,0.4,2690.65
2777,120.0,0.5,2692.17
2778,121.0,0.5,2692.17
2779,121.0,1.3,2694.43
2780,120.0,1.8,2694.43
2781,120.0,1.8,2694.43
2782,119.0,2.7,2698.23
2783,119.0,3.3,2698.23
2784,119.0,3.3,2698.23
2785,119.0,2.8,2700.31
2786,118.0,2.4,2700.31
2787,118.0,2.4,2700.31
2788,117.0,2.2,2705.34
2789,117.0,2.6,2707.38
2790,116.0,2.8,2707.38
2791,116.0,3.1,2710.37
2792,115.0,3.1,2710.37
2793,115.0,3.2,2712.65
2794,114.0,3.3,2712.65
2795,113.0,3.4,2715.32
2796,113.0,3.5,2715.32
2797,112.0,3.5,2715.32
2798,112.0,3.1,2718.0
2799,112.0,3.0,2719.81
2800,111.0,3.0,2719.81
2801,111.0,2.8,2721.22
2802,111.0,2.7,2722.87
2803,111.0,2.8,2724.26
2804,111.0,3.0,2726.3
2805,111.0,3.1,2727.84
2806,112.0,3.2,2727.84
2807,112.0,3.2,2727.84
2808,112.0,3.1,2732.1
2809,112.0,3.1,2734.11
2810,113.0,3.1,2734.11
2811,113.0,3.7,2740.34
2812,113.0,3.9,2742.8
2813,113.0,4.1,2746.09
2814,113.0,4.2,2748.13
2815,113.0,4.3,2748.13
2816,113.0,4.0,2751.35
2817,113.0,3.9,2751.35
2818,113.0,4.0,2756.09
2819,114.0,4.1,2756.09
2820,115.0,3.6,2761.92
2821,115.0,3.6,2761.92
2822,115.0,3.2,2763.69
2823,115.0,2.9,2763.69
2824,115.0,3.2,2769.47
2825,114.0,3.4,2769.47
2826,114.0,3.3,2771.84
2827,114.0,3.6,2773.79
2828,113.0,3.6,2774.94
2829,113.0,3.8,2776.99
2830,113.0,3.6,2779.04
2831,112.0,3.4,2779.04
2832,112.0,3.4,2779.04
2833,112.0,2.8,2780.63
2834,112.0,2.8,2780.63
2835,113.0,2.8,2780.63
2836,113.0,2.8,2782.44
2837,113.0,2.8,2782.44
